<?xml version='1.0' encoding='UTF-8'?>
<partial-response><changes><update id="iceform"><![CDATA[<form action="/orange.jsf" class="iceFrm" enctype="application/x-www-form-urlencoded" id="iceform" method="post" onsubmit="return false;"><input name="iceform" type="hidden" value="iceform" /><input id="javax.faces.ViewState" type="hidden" autocomplete="off" value="-8151802887003273974:6905445407665877790" name="javax.faces.ViewState"/><input name="ice.window" type="hidden" value="r4j8acrrwc" /><input name="ice.view" type="hidden" value="vynh7ci3ptl" /><script id="iceform:iceform_captureSubmit" type="text/javascript">ice.captureSubmit('iceform',false);ice.captureEnterKey('iceform');</script><div xmlns="http://www.w3.org/1999/xhtml"><div class="icePnlTlTip tripDetailsTip" id="iceform:promotionTip" name="iceform:promotionTip" style="display:none;visibility:hidden;"><table cellpadding="0" cellspacing="0"><tr id="iceform:promotionTip-tr"><td class="icePnlTlTipBody tripDetailsTipBody" colspan="2"><table class="icePnlGrd tripDetailsPanel" id="iceform:j_idt71"><tbody><tr class="icePnlGrdRow1 tripDetailsPanelRow1"><td class="icePnlGrdCol tripDetailsPanelCol label" id="iceform:j_idt71-0-0"><label class="iceOutLbl heading" id="iceform:j_idt72">Trip details</label></td><td class="icePnlGrdCol tripDetailsPanelCol data" id="iceform:j_idt71-0-1"><label class="iceOutLbl" id="iceform:j_idt74"></label></td></tr><tr class="icePnlGrdRow2 tripDetailsPanelRow2"><td class="icePnlGrdCol tripDetailsPanelCol label" id="iceform:j_idt71-1-0"><div class="icePnlGrp" id="iceform:showrating">
		    <div class="rate_widget rating_2530" rel="2530" style="color: #28A6BB;">
		   	   <div class="total_votes"></div>
		    </div>

			<script type="text/javascript">
			    $('.tripDetailsPanel .rate_widget').each(function(i) {
				    getAverageTotal($(this));
				});
			</script></div></td><td class="icePnlGrdCol tripDetailsPanelCol data" id="iceform:j_idt71-1-1"><label class="iceOutLbl" id="iceform:j_idt77"></label></td></tr><tr class="icePnlGrdRow1 tripDetailsPanelRow1"><td class="icePnlGrdCol tripDetailsPanelCol label" id="iceform:j_idt71-2-0"><label class="iceOutLbl" id="iceform:j_idt78">Journey</label></td><td class="icePnlGrdCol tripDetailsPanelCol data" id="iceform:j_idt71-2-1"><span class="iceOutTxt" id="iceform:j_idt79"><a href="/orange-trip-details.jsf?journeyId=2530" id="iceform:popupDetailsLink" name="iceform:popupDetailsLink" title="Click for trip details">Beavertown - Beijing</a></span></td></tr><tr class="icePnlGrdRow2 tripDetailsPanelRow2"><td class="icePnlGrdCol tripDetailsPanelCol label" id="iceform:j_idt71-3-0"><label class="iceOutLbl" id="iceform:j_idt83">Destination</label></td><td class="icePnlGrdCol tripDetailsPanelCol data" id="iceform:j_idt71-3-1"><span class="iceOutTxt" id="iceform:j_idt84">Beijing</span></td></tr><tr class="icePnlGrdRow1 tripDetailsPanelRow1"><td class="icePnlGrdCol tripDetailsPanelCol label" id="iceform:j_idt71-4-0"><label class="iceOutLbl" id="iceform:j_idt86">Tenant</label></td><td class="icePnlGrdCol tripDetailsPanelCol data" id="iceform:j_idt71-4-1"><span class="iceOutTxt" id="iceform:j_idt87">Personal Travel Inc.</span></td></tr><tr class="icePnlGrdRow2 tripDetailsPanelRow2"><td class="icePnlGrdCol tripDetailsPanelCol label" id="iceform:j_idt71-5-0"><label class="iceOutLbl" for="iceform:travellers" id="iceform:j_idt89">Travellers</label></td><td class="icePnlGrdCol tripDetailsPanelCol data" id="iceform:j_idt71-5-1"><select class="iceSelOneMnu bookPaymentSelectLarge" id="iceform:travellers" name="iceform:travellers" onblur="setFocus('');" onchange="setFocus('');Ice.selectChange(form,this,event,null);" onfocus="setFocus(this.id);" size="1"><option value="1">1 adult</option><option value="2">1 adult+1 kid</option><option value="3">1 adult+2 kids</option><option selected="selected" value="4">2 adults</option><option value="5">2 adults+1 kid</option><option value="6">2 adults+2 kids</option></select></td></tr><tr class="icePnlGrdRow1 tripDetailsPanelRow1"><td class="icePnlGrdCol tripDetailsPanelCol label" id="iceform:j_idt71-6-0"><label class="iceOutLbl heading" id="iceform:j_idt92">Flight price</label></td><td class="icePnlGrdCol tripDetailsPanelCol data" id="iceform:j_idt71-6-1"><label class="iceOutLbl" id="iceform:j_idt94"></label></td></tr><tr class="icePnlGrdRow2 tripDetailsPanelRow2"><td class="icePnlGrdCol tripDetailsPanelCol label" id="iceform:j_idt71-7-0"><label class="iceOutLbl" id="iceform:j_idt95">Round-trip ticket</label></td><td class="icePnlGrdCol tripDetailsPanelCol data" id="iceform:j_idt71-7-1"><span class="iceOutFrmt">$ 652.71</span></td></tr><tr class="icePnlGrdRow1 tripDetailsPanelRow1"><td class="icePnlGrdCol tripDetailsPanelCol label" id="iceform:j_idt71-8-0"><label class="iceOutLbl heading" id="iceform:j_idt98">Hotel price</label></td><td class="icePnlGrdCol tripDetailsPanelCol data" id="iceform:j_idt71-8-1"><label class="iceOutLbl" id="iceform:j_idt100"></label></td></tr><tr class="icePnlGrdRow2 tripDetailsPanelRow2"><td class="icePnlGrdCol tripDetailsPanelCol label" id="iceform:j_idt71-9-0"><label class="iceOutLbl" id="iceform:j_idt101">1 room, 8 nights</label></td><td class="icePnlGrdCol tripDetailsPanelCol data" id="iceform:j_idt71-9-1"><span class="iceOutFrmt">$ 1522.99</span></td></tr><tr class="icePnlGrdRow1 tripDetailsPanelRow1"><td class="icePnlGrdCol tripDetailsPanelCol label" id="iceform:j_idt71-10-0"><label class="iceOutLbl" id="iceform:j_idt104">Taxes and fees</label></td><td class="icePnlGrdCol tripDetailsPanelCol data" id="iceform:j_idt71-10-1"><span class="iceOutFrmt">$ 29.90</span></td></tr><tr class="icePnlGrdRow2 tripDetailsPanelRow2"><td class="icePnlGrdCol tripDetailsPanelCol label" id="iceform:j_idt71-11-0"><label class="iceOutLbl heading" id="iceform:j_idt107">Total</label></td><td class="icePnlGrdCol tripDetailsPanelCol data" id="iceform:j_idt71-11-1"><span class="iceOutFrmt totalCosts">$ 2205.60</span></td></tr><tr class="icePnlGrdRow1 tripDetailsPanelRow1"><td class="icePnlGrdCol tripDetailsPanelCol label" id="iceform:j_idt71-12-0"><label class="iceOutLbl" id="iceform:j_idt111">Avg/person</label></td><td class="icePnlGrdCol tripDetailsPanelCol data" id="iceform:j_idt71-12-1"><span class="iceOutFrmt">$ 1102.80</span></td></tr><tr class="icePnlGrdRow2 tripDetailsPanelRow2"><td class="icePnlGrdCol tripDetailsPanelCol label" id="iceform:j_idt71-13-0"><div class="icePnlGrp" id="iceform:j_idt114">
	   		<script type="text/javascript">
	   		$(function() {
			    rumapi.reportString('promotion', 'Beijing');
	   		});
	   		</script></div></td><td class="icePnlGrdCol tripDetailsPanelCol data" id="iceform:j_idt71-13-1"><div class="icePnlGrp journeyBookSpacer" id="iceform:j_idt116"></div></td></tr><tr class="icePnlGrdRow1 tripDetailsPanelRow1"><td class="icePnlGrdCol tripDetailsPanelCol label" id="iceform:j_idt71-14-0"><a class="commonButton orangeButton1 journeyBookButton journeyBooked_false" href="/orange-booking-review.jsf?journeyId=2530" id="iceform:popupBookLink" name="iceform:popupBookLink">Book Now</a></td></tr></tbody></table></td></tr></table><span id="iceform:promotionTipscript"><script type="text/javascript">Ice.modal.stop('iceform:promotionTip');; Ice.autoPosition.stop('iceform:promotionTip');; Ice.autoCentre.stop('iceform:promotionTip');; Ice.iFrameFix.start('iceform:promotionTip','/xmlhttp/blank');</script></span></div><script type="text/javascript">
		
		rumapi.incrementOnLoadEndMarkers();
		var imageHasLoaded = false;
		function onResultImageLoaded(imgRef){
			if(!imageHasLoaded && window.performance && window.performance.mark){
				window.performance.mark('mark_recommendations_loaded');
				imageHasLoaded = true;
				setTimeout(function(){
					rumapi.signalOnLoadEnd();
				}, 50);
			}
		}

	</script><div class="icePnlGrp orangeImage headerImgHolder" id="iceform:headerImgHolder" onclick="; new ToolTipPanelPopup(this, 'iceform:promotionTip', event, 'mousedown','500', 'false', 'iceform', '','/xmlhttp/blank','click',false);"><a class="iceCmdLnk" href="javascript:;" id="iceform:j_idt120" onblur="setFocus('');" onclick="var form=formOf(this);form['iceform:j_idcl'].value='iceform:j_idt120';iceSubmit(form,this,event);form['iceform:j_idcl'].value='';return false;" onfocus="setFocus(this.id);"><img alt="" class="iceGphImg" id="iceform:headerImg" src="img/header1.png" /></a><img alt="" class="iceGphImg banner" id="iceform:j_idt121" src="img/promotion/banner.png" /><img alt="" class="iceGphImg banner" id="iceform:j_idt122" src="img/promotion/banner_Beijing.png" /></div>
</div><div class="icePnlGrp orangeBanner" id="iceform:j_idt125"><img class="iceGphImg" src="http://et-demo2-thirdpartycontentserver.cfapps.io/image/winter.jpeg" alt="promotion"></img></div><div xmlns="http://www.w3.org/1999/xhtml"><div class="icePnlGrp orangeSearch" id="iceform:j_idt128">
        <h1 class="mainBoxHeader">Your Journey</h1><div class="iceOutConStat navConnectionStatus" id="iceform:connectStat2"><div class="iceOutConStatInactv navConnectionStatusInactv" id="iceform:connectStat2:connection-idle"></div><div class="iceOutConStatActv navConnectionStatusActv" id="iceform:connectStat2:connection-working" style="visibility: hidden;"></div><div class="iceOutConStatCaution navConnectionStatusCaution" id="iceform:connectStat2:connection-trouble" style="visibility: hidden;"></div><div class="iceOutConStatDisconnect navConnectionStatusDisconnect" id="iceform:connectStat2:connection-lost" style="visibility: hidden;"></div><script id="iceform:connectStat2script" type="text/javascript">ice.onLoad(function(){ice.ComponentIndicators('iceform:connectStat2:connection-working', 'iceform:connectStat2:connection-idle', 'iceform:connectStat2:connection-trouble', 'iceform:connectStat2:connection-lost', false, false);});</script></div>
		<div class="orangeSearchForm"><table class="icePnlGrd" id="iceform:j_idt131"><tbody><tr class="icePnlGrdRow1"><td class="icePnlGrdCol label" id="iceform:j_idt131-0-0"><label class="iceOutLbl" for="iceform:destination" id="iceform:j_idt132">Trip Destination</label></td><td class="icePnlGrdCol data" id="iceform:j_idt131-0-1"><div class="iceSelInpTxt" rows="10" title="Start typing your destination..." width="95%"><input autocomplete="off" class="iceSelInpTxtTxt" id="iceform:destination" name="iceform:destination" onblur="setFocus('');" onfocus="setFocus(this.id);" onmousedown="this.focus();" style="width:95%" type="text" value="Bangalore" /><div class="iceSelInpTxtList" id="iceform:destination_div"></div><input name="iceform:destination_idx" type="hidden" /><script id="iceform:destinationscript" type="text/javascript">new Ice.Autocompleter('iceform:destination','iceform:destination_div', {minChars:3, frequency:0.01} ,'iceSelInpTxtRow','iceSelInpTxtSelRow');</script></div></td></tr><tr class="icePnlGrdRow2"><td class="icePnlGrdCol label" id="iceform:j_idt131-1-0"><label class="iceOutLbl" for="iceform:fromDate" id="iceform:j_idt135">From Date</label></td><td class="icePnlGrdCol data" id="iceform:j_idt131-1-1"><div class="iceSelInpDatePopup" id="iceform:fromDate_rd" lang="en" title="When do you want to start..."><input class="iceSelInpDateInput" id="iceform:fromDate" name="iceform:fromDate" onblur="setFocus('');iceSubmitPartial(form, this, event);" onfocus="setFocus('');" onkeypress="iceSubmit(form,this,event);" type="text" value="Nov 19, 2017" /><input alt="Open popup calendar" class="iceSelInpDateOpenPopup" id="iceform:fromDate_cb" name="iceform:fromDate_cb" onclick="document.forms['iceform']['iceform:j_idcl'].value='iceform:fromDate_cb';document.forms['iceform']['iceform:j_idiceform:fromDatesp'].value='toggle';iceSubmitPartial( document.forms['iceform'], this,event);document.forms['iceform']['iceform:j_idcl'].value='';document.forms['iceform']['iceform:j_idiceform:fromDatesp'].value='';Ice.Calendar.addCloseListener('iceform:fromDate','iceform','iceform:j_idcl','iceform:j_idiceform:fromDatesp');return false;" onfocus="setFocus('');" src="/xmlhttp/css/xp/css-images/spacer.gif" title="Open popup calendar" type="image" /></div></td></tr><tr class="icePnlGrdRow1"><td class="icePnlGrdCol label" id="iceform:j_idt131-2-0"><label class="iceOutLbl" for="iceform:toDate" id="iceform:j_idt137">To Date</label></td><td class="icePnlGrdCol data" id="iceform:j_idt131-2-1"><div class="iceSelInpDatePopup" id="iceform:toDate_rd" lang="en" title="When do you need to be home..."><input class="iceSelInpDateInput" id="iceform:toDate" name="iceform:toDate" onblur="setFocus('');iceSubmitPartial(form, this, event);" onfocus="setFocus('');" onkeypress="iceSubmit(form,this,event);" type="text" value="Nov 30, 2017" /><input alt="Open popup calendar" class="iceSelInpDateOpenPopup" id="iceform:toDate_cb" name="iceform:toDate_cb" onclick="document.forms['iceform']['iceform:j_idcl'].value='iceform:toDate_cb';document.forms['iceform']['iceform:j_idiceform:toDatesp'].value='toggle';iceSubmitPartial( document.forms['iceform'], this,event);document.forms['iceform']['iceform:j_idcl'].value='';document.forms['iceform']['iceform:j_idiceform:toDatesp'].value='';Ice.Calendar.addCloseListener('iceform:toDate','iceform','iceform:j_idcl','iceform:j_idiceform:toDatesp');return false;" onfocus="setFocus('');" src="/xmlhttp/css/xp/css-images/spacer.gif" title="Open popup calendar" type="image" /></div></td></tr></tbody></table><input class="iceCmdBtn commonButton orangeButton1 orangeSearchButton" id="iceform:search" name="iceform:search" onblur="setFocus('');" onclick="showRecommendation();iceSubmit(form,this,event);return false;" onfocus="setFocus(this.id);" type="submit" value="Search" /><div class="icePnlGrp searchHint" id="iceform:j_idt139"><div class="icePnlGrp" id="iceform:j_idt141"><span class="iceOutTxt searchResult" id="iceform:j_idt144">Found 5 journeys.</span><a class="iceCmdLnk" href="javascript:;" id="iceform:j_idt145" onblur="setFocus('');" onclick="var form=formOf(this);form['iceform:j_idcl'].value='iceform:j_idt145';iceSubmit(form,this,event);form['iceform:j_idcl'].value='';return false;" onfocus="setFocus(this.id);"> [Clear]</a><a href="/result.jsf?dest=Bangalore&amp;from=2017-11-19&amp;to=2017-11-30" id="iceform:_t146" name="iceform:_t146"> [Permlink]</a></div></div>
		</div></div>

	<script>
		
		var showRecommendationWait1000 = function() { showRecommendationWait(1000); };
		window.onload = showRecommendationWait1000;
	</script>
</div><div xmlns="http://www.w3.org/1999/xhtml">
</div><div xmlns="http://www.w3.org/1999/xhtml"><div class="recommendation"><p style="margin-left: 10px;"><strong>Weather forecast for Destination:</strong></p></div><iframe id="weather-app" src="http://ec2-54-84-118-207.compute-1.amazonaws.com:8100/current?loc=Bangalore&days=3&tpl=small" scrolling="no" frameborder="0" allowTransparency="true" style="border: 1px white solid; width:100%; height:70px; margin:0px;"></iframe><div class="icePnlPos resultsArea" id="iceform:dataList"><input id="iceform:j_idiceform:dataListcolOrder" name="iceform:j_idiceform:dataListcolOrder" type="hidden" value="" /><div class="icePnlGrp resultBox" id="iceform:dataList:0:result"><div class="icePnlTlTip tripDetailsTip" id="iceform:dataList:0:tripDetailsTip" name="iceform:dataList:0:tripDetailsTip" style="display:none;visibility:hidden;"><table cellpadding="0" cellspacing="0"><tr id="iceform:dataList:0:tripDetailsTip-tr"><td class="icePnlTlTipBody tripDetailsTipBody" colspan="2"><table class="icePnlGrd tripDetailsPanel" id="iceform:dataList:0:j_idt170"><tbody><tr class="icePnlGrdRow1 tripDetailsPanelRow1"><td class="icePnlGrdCol tripDetailsPanelCol label" id="iceform:dataList:0:j_idt170-0-0"><label class="iceOutLbl heading" id="iceform:dataList:0:j_idt171">Trip details</label></td><td class="icePnlGrdCol tripDetailsPanelCol data" id="iceform:dataList:0:j_idt170-0-1"><label class="iceOutLbl" id="iceform:dataList:0:j_idt173"></label></td></tr><tr class="icePnlGrdRow2 tripDetailsPanelRow2"><td class="icePnlGrdCol tripDetailsPanelCol label" id="iceform:dataList:0:j_idt170-1-0"><div class="icePnlGrp" id="iceform:dataList:0:showrating">
		    <div class="rate_widget rating_3676" rel="3676" style="color: #28A6BB;">
		   	   <div class="total_votes"></div>
		    </div>

			<script type="text/javascript">
			    $('.tripDetailsPanel .rate_widget').each(function(i) {
				    getAverageTotal($(this));
				});
			</script></div></td><td class="icePnlGrdCol tripDetailsPanelCol data" id="iceform:dataList:0:j_idt170-1-1"><label class="iceOutLbl" id="iceform:dataList:0:j_idt176"></label></td></tr><tr class="icePnlGrdRow1 tripDetailsPanelRow1"><td class="icePnlGrdCol tripDetailsPanelCol label" id="iceform:dataList:0:j_idt170-2-0"><label class="iceOutLbl" id="iceform:dataList:0:j_idt177">Journey</label></td><td class="icePnlGrdCol tripDetailsPanelCol data" id="iceform:dataList:0:j_idt170-2-1"><span class="iceOutTxt" id="iceform:dataList:0:j_idt178"><a href="/orange-trip-details.jsf?journeyId=3676" id="iceform:dataList:0:popupDetailsLink" name="iceform:dataList:0:popupDetailsLink" title="Click for trip details">Commack - Dorchester</a></span></td></tr><tr class="icePnlGrdRow2 tripDetailsPanelRow2"><td class="icePnlGrdCol tripDetailsPanelCol label" id="iceform:dataList:0:j_idt170-3-0"><label class="iceOutLbl" id="iceform:dataList:0:j_idt182">Destination</label></td><td class="icePnlGrdCol tripDetailsPanelCol data" id="iceform:dataList:0:j_idt170-3-1"><span class="iceOutTxt" id="iceform:dataList:0:j_idt183">Dorchester</span></td></tr><tr class="icePnlGrdRow1 tripDetailsPanelRow1"><td class="icePnlGrdCol tripDetailsPanelCol label" id="iceform:dataList:0:j_idt170-4-0"><label class="iceOutLbl" id="iceform:dataList:0:j_idt185">Tenant</label></td><td class="icePnlGrdCol tripDetailsPanelCol data" id="iceform:dataList:0:j_idt170-4-1"><span class="iceOutTxt" id="iceform:dataList:0:j_idt186">Personal Travel Inc.</span></td></tr><tr class="icePnlGrdRow2 tripDetailsPanelRow2"><td class="icePnlGrdCol tripDetailsPanelCol label" id="iceform:dataList:0:j_idt170-5-0"><label class="iceOutLbl" for="iceform:dataList:0:travellers" id="iceform:dataList:0:j_idt188">Travellers</label></td><td class="icePnlGrdCol tripDetailsPanelCol data" id="iceform:dataList:0:j_idt170-5-1"><select class="iceSelOneMnu bookPaymentSelectLarge" id="iceform:dataList:0:travellers" name="iceform:dataList:0:travellers" onblur="setFocus('');" onchange="setFocus('');Ice.selectChange(form,this,event,null);" onfocus="setFocus(this.id);" size="1"><option value="1">1 adult</option><option value="2">1 adult+1 kid</option><option value="3">1 adult+2 kids</option><option selected="selected" value="4">2 adults</option><option value="5">2 adults+1 kid</option><option value="6">2 adults+2 kids</option></select></td></tr><tr class="icePnlGrdRow1 tripDetailsPanelRow1"><td class="icePnlGrdCol tripDetailsPanelCol label" id="iceform:dataList:0:j_idt170-6-0"><label class="iceOutLbl heading" id="iceform:dataList:0:j_idt191">Flight price</label></td><td class="icePnlGrdCol tripDetailsPanelCol data" id="iceform:dataList:0:j_idt170-6-1"><label class="iceOutLbl" id="iceform:dataList:0:j_idt193"></label></td></tr><tr class="icePnlGrdRow2 tripDetailsPanelRow2"><td class="icePnlGrdCol tripDetailsPanelCol label" id="iceform:dataList:0:j_idt170-7-0"><label class="iceOutLbl" id="iceform:dataList:0:j_idt194">Round-trip ticket</label></td><td class="icePnlGrdCol tripDetailsPanelCol data" id="iceform:dataList:0:j_idt170-7-1"><span class="iceOutFrmt">$ 1062.15</span></td></tr><tr class="icePnlGrdRow1 tripDetailsPanelRow1"><td class="icePnlGrdCol tripDetailsPanelCol label" id="iceform:dataList:0:j_idt170-8-0"><label class="iceOutLbl heading" id="iceform:dataList:0:j_idt197">Hotel price</label></td><td class="icePnlGrdCol tripDetailsPanelCol data" id="iceform:dataList:0:j_idt170-8-1"><label class="iceOutLbl" id="iceform:dataList:0:j_idt199"></label></td></tr><tr class="icePnlGrdRow2 tripDetailsPanelRow2"><td class="icePnlGrdCol tripDetailsPanelCol label" id="iceform:dataList:0:j_idt170-9-0"><label class="iceOutLbl" id="iceform:dataList:0:j_idt200">1 room, 4 nights</label></td><td class="icePnlGrdCol tripDetailsPanelCol data" id="iceform:dataList:0:j_idt170-9-1"><span class="iceOutFrmt">$ 2478.35</span></td></tr><tr class="icePnlGrdRow1 tripDetailsPanelRow1"><td class="icePnlGrdCol tripDetailsPanelCol label" id="iceform:dataList:0:j_idt170-10-0"><label class="iceOutLbl" id="iceform:dataList:0:j_idt203">Taxes and fees</label></td><td class="icePnlGrdCol tripDetailsPanelCol data" id="iceform:dataList:0:j_idt170-10-1"><span class="iceOutFrmt">$ 29.90</span></td></tr><tr class="icePnlGrdRow2 tripDetailsPanelRow2"><td class="icePnlGrdCol tripDetailsPanelCol label" id="iceform:dataList:0:j_idt170-11-0"><label class="iceOutLbl heading" id="iceform:dataList:0:j_idt206">Total</label></td><td class="icePnlGrdCol tripDetailsPanelCol data" id="iceform:dataList:0:j_idt170-11-1"><span class="iceOutFrmt totalCosts">$ 3570.40</span></td></tr><tr class="icePnlGrdRow1 tripDetailsPanelRow1"><td class="icePnlGrdCol tripDetailsPanelCol label" id="iceform:dataList:0:j_idt170-12-0"><label class="iceOutLbl" id="iceform:dataList:0:j_idt210">Avg/person</label></td><td class="icePnlGrdCol tripDetailsPanelCol data" id="iceform:dataList:0:j_idt170-12-1"><span class="iceOutFrmt">$ 1785.20</span></td></tr></tbody></table></td></tr></table><span id="iceform:dataList:0:tripDetailsTipscript"><script type="text/javascript">Ice.modal.stop('iceform:dataList:0:tripDetailsTip');; Ice.autoPosition.stop('iceform:dataList:0:tripDetailsTip');; Ice.autoCentre.stop('iceform:dataList:0:tripDetailsTip');; Ice.iFrameFix.start('iceform:dataList:0:tripDetailsTip','/xmlhttp/blank');</script></span></div><div class="icePnlGrp resultBoxImage" id="iceform:dataList:0:j_idt217" onmouseover="; new ToolTipPanelPopup(this, 'iceform:dataList:0:tripDetailsTip', event, 'mouseout','500', 'false', 'iceform', '','/xmlhttp/blank','hover',false);"><a href="/orange-trip-details.jsf?journeyId=3676" id="iceform:dataList:0:detailsLink" name="iceform:dataList:0:detailsLink"><img alt="" class="iceGphImg etResultsImage downshadow" height="130" id="iceform:dataList:0:j_idt219" src="/icefaces/resource/MjA4NTQ1ODcyMQ==/" /></a></div><div class="icePnlGrp resultBoxContent" id="iceform:dataList:0:j_idt223"><span class="iceOutTxt journeyName" id="iceform:dataList:0:j_idt224">Commack - Dorchester</span><span class="iceOutFrmt journeyAmount">$ 1785.20</span>

	 			<div class="rate_widget" style="color: #28A6BB;"><span class="iceOutTxt" id="iceform:dataList:0:j_idt228">Score from 0 reviews:0</span>
				</div><span class="iceOutTxt journeyDesc" id="iceform:dataList:0:j_idt230">If you wish to stay in a hotel that has friendly staff and an inviting ambience that reminds you of home, then head to the Grand Hotel.</span><span class="journeyDesc" style="margin-top: 0px"><a class="forecast-link" target="popup" onclick="window.open(this.href, 'popup', 'width=800,height=400,scrollbars=no, toolbar=no,status=no,resizable=yes,menubar=no,location=no,directories=no,top=10,left=10')" href="http://ec2-54-84-118-207.compute-1.amazonaws.com:8100/forecast?loc=Dorchester&days=5&from=2017-09-29">Weather forecast</a></span><span class="iceOutTxt journeyDate" id="iceform:dataList:0:j_idt232">Sep 29 - Oct 3</span><a class="commonButton orangeButton1 journeyBookButton journeyBooked_false" href="/orange-booking-review.jsf?journeyId=3676" id="iceform:dataList:0:bookLink" name="iceform:dataList:0:bookLink">Book Now</a></div></div><div class="icePnlGrp resultBox" id="iceform:dataList:1:result"><div class="icePnlTlTip tripDetailsTip" id="iceform:dataList:1:tripDetailsTip" name="iceform:dataList:1:tripDetailsTip" style="display:none;visibility:hidden;"><table cellpadding="0" cellspacing="0"><tr id="iceform:dataList:1:tripDetailsTip-tr"><td class="icePnlTlTipBody tripDetailsTipBody" colspan="2"><table class="icePnlGrd tripDetailsPanel" id="iceform:dataList:1:j_idt170"><tbody><tr class="icePnlGrdRow1 tripDetailsPanelRow1"><td class="icePnlGrdCol tripDetailsPanelCol label" id="iceform:dataList:1:j_idt170-0-0"><label class="iceOutLbl heading" id="iceform:dataList:1:j_idt171">Trip details</label></td><td class="icePnlGrdCol tripDetailsPanelCol data" id="iceform:dataList:1:j_idt170-0-1"><label class="iceOutLbl" id="iceform:dataList:1:j_idt173"></label></td></tr><tr class="icePnlGrdRow2 tripDetailsPanelRow2"><td class="icePnlGrdCol tripDetailsPanelCol label" id="iceform:dataList:1:j_idt170-1-0"><div class="icePnlGrp" id="iceform:dataList:1:showrating">
		    <div class="rate_widget rating_1333" rel="1333" style="color: #28A6BB;">
		   	   <div class="total_votes"></div>
		    </div>

			<script type="text/javascript">
			    $('.tripDetailsPanel .rate_widget').each(function(i) {
				    getAverageTotal($(this));
				});
			</script></div></td><td class="icePnlGrdCol tripDetailsPanelCol data" id="iceform:dataList:1:j_idt170-1-1"><label class="iceOutLbl" id="iceform:dataList:1:j_idt176"></label></td></tr><tr class="icePnlGrdRow1 tripDetailsPanelRow1"><td class="icePnlGrdCol tripDetailsPanelCol label" id="iceform:dataList:1:j_idt170-2-0"><label class="iceOutLbl" id="iceform:dataList:1:j_idt177">Journey</label></td><td class="icePnlGrdCol tripDetailsPanelCol data" id="iceform:dataList:1:j_idt170-2-1"><span class="iceOutTxt" id="iceform:dataList:1:j_idt178"><a href="/orange-trip-details.jsf?journeyId=1333" id="iceform:dataList:1:popupDetailsLink" name="iceform:dataList:1:popupDetailsLink" title="Click for trip details">North Smithfield - Panipat</a></span></td></tr><tr class="icePnlGrdRow2 tripDetailsPanelRow2"><td class="icePnlGrdCol tripDetailsPanelCol label" id="iceform:dataList:1:j_idt170-3-0"><label class="iceOutLbl" id="iceform:dataList:1:j_idt182">Destination</label></td><td class="icePnlGrdCol tripDetailsPanelCol data" id="iceform:dataList:1:j_idt170-3-1"><span class="iceOutTxt" id="iceform:dataList:1:j_idt183">Panipat</span></td></tr><tr class="icePnlGrdRow1 tripDetailsPanelRow1"><td class="icePnlGrdCol tripDetailsPanelCol label" id="iceform:dataList:1:j_idt170-4-0"><label class="iceOutLbl" id="iceform:dataList:1:j_idt185">Tenant</label></td><td class="icePnlGrdCol tripDetailsPanelCol data" id="iceform:dataList:1:j_idt170-4-1"><span class="iceOutTxt" id="iceform:dataList:1:j_idt186">Speed Travel Agency</span></td></tr><tr class="icePnlGrdRow2 tripDetailsPanelRow2"><td class="icePnlGrdCol tripDetailsPanelCol label" id="iceform:dataList:1:j_idt170-5-0"><label class="iceOutLbl" for="iceform:dataList:1:travellers" id="iceform:dataList:1:j_idt188">Travellers</label></td><td class="icePnlGrdCol tripDetailsPanelCol data" id="iceform:dataList:1:j_idt170-5-1"><select class="iceSelOneMnu bookPaymentSelectLarge" id="iceform:dataList:1:travellers" name="iceform:dataList:1:travellers" onblur="setFocus('');" onchange="setFocus('');Ice.selectChange(form,this,event,null);" onfocus="setFocus(this.id);" size="1"><option value="1">1 adult</option><option value="2">1 adult+1 kid</option><option value="3">1 adult+2 kids</option><option selected="selected" value="4">2 adults</option><option value="5">2 adults+1 kid</option><option value="6">2 adults+2 kids</option></select></td></tr><tr class="icePnlGrdRow1 tripDetailsPanelRow1"><td class="icePnlGrdCol tripDetailsPanelCol label" id="iceform:dataList:1:j_idt170-6-0"><label class="iceOutLbl heading" id="iceform:dataList:1:j_idt191">Flight price</label></td><td class="icePnlGrdCol tripDetailsPanelCol data" id="iceform:dataList:1:j_idt170-6-1"><label class="iceOutLbl" id="iceform:dataList:1:j_idt193"></label></td></tr><tr class="icePnlGrdRow2 tripDetailsPanelRow2"><td class="icePnlGrdCol tripDetailsPanelCol label" id="iceform:dataList:1:j_idt170-7-0"><label class="iceOutLbl" id="iceform:dataList:1:j_idt194">Round-trip ticket</label></td><td class="icePnlGrdCol tripDetailsPanelCol data" id="iceform:dataList:1:j_idt170-7-1"><span class="iceOutFrmt">$ 613.53</span></td></tr><tr class="icePnlGrdRow1 tripDetailsPanelRow1"><td class="icePnlGrdCol tripDetailsPanelCol label" id="iceform:dataList:1:j_idt170-8-0"><label class="iceOutLbl heading" id="iceform:dataList:1:j_idt197">Hotel price</label></td><td class="icePnlGrdCol tripDetailsPanelCol data" id="iceform:dataList:1:j_idt170-8-1"><label class="iceOutLbl" id="iceform:dataList:1:j_idt199"></label></td></tr><tr class="icePnlGrdRow2 tripDetailsPanelRow2"><td class="icePnlGrdCol tripDetailsPanelCol label" id="iceform:dataList:1:j_idt170-9-0"><label class="iceOutLbl" id="iceform:dataList:1:j_idt200">1 room, 9 nights</label></td><td class="icePnlGrdCol tripDetailsPanelCol data" id="iceform:dataList:1:j_idt170-9-1"><span class="iceOutFrmt">$ 1431.57</span></td></tr><tr class="icePnlGrdRow1 tripDetailsPanelRow1"><td class="icePnlGrdCol tripDetailsPanelCol label" id="iceform:dataList:1:j_idt170-10-0"><label class="iceOutLbl" id="iceform:dataList:1:j_idt203">Taxes and fees</label></td><td class="icePnlGrdCol tripDetailsPanelCol data" id="iceform:dataList:1:j_idt170-10-1"><span class="iceOutFrmt">$ 29.90</span></td></tr><tr class="icePnlGrdRow2 tripDetailsPanelRow2"><td class="icePnlGrdCol tripDetailsPanelCol label" id="iceform:dataList:1:j_idt170-11-0"><label class="iceOutLbl heading" id="iceform:dataList:1:j_idt206">Total</label></td><td class="icePnlGrdCol tripDetailsPanelCol data" id="iceform:dataList:1:j_idt170-11-1"><span class="iceOutFrmt totalCosts">$ 2075.00</span></td></tr><tr class="icePnlGrdRow1 tripDetailsPanelRow1"><td class="icePnlGrdCol tripDetailsPanelCol label" id="iceform:dataList:1:j_idt170-12-0"><label class="iceOutLbl" id="iceform:dataList:1:j_idt210">Avg/person</label></td><td class="icePnlGrdCol tripDetailsPanelCol data" id="iceform:dataList:1:j_idt170-12-1"><span class="iceOutFrmt">$ 1037.50</span></td></tr></tbody></table></td></tr></table><span id="iceform:dataList:1:tripDetailsTipscript"><script type="text/javascript">Ice.modal.stop('iceform:dataList:1:tripDetailsTip');; Ice.autoPosition.stop('iceform:dataList:1:tripDetailsTip');; Ice.autoCentre.stop('iceform:dataList:1:tripDetailsTip');; Ice.iFrameFix.start('iceform:dataList:1:tripDetailsTip','/xmlhttp/blank');</script></span></div><div class="icePnlGrp resultBoxImage" id="iceform:dataList:1:j_idt217" onmouseover="; new ToolTipPanelPopup(this, 'iceform:dataList:1:tripDetailsTip', event, 'mouseout','500', 'false', 'iceform', '','/xmlhttp/blank','hover',false);"><a href="/orange-trip-details.jsf?journeyId=1333" id="iceform:dataList:1:detailsLink" name="iceform:dataList:1:detailsLink"><img alt="" class="iceGphImg etResultsImage downshadow" height="130" id="iceform:dataList:1:j_idt219" src="/icefaces/resource/LTY2NzgxNzky/" /></a></div><div class="icePnlGrp resultBoxContent" id="iceform:dataList:1:j_idt223"><span class="iceOutTxt journeyName" id="iceform:dataList:1:j_idt224">North Smithfield - Panipat</span><span class="iceOutFrmt journeyAmount">$ 1037.50</span>

	 			<div class="rate_widget" style="color: #28A6BB;"><span class="iceOutTxt" id="iceform:dataList:1:j_idt228">Score from 0 reviews:0</span>
				</div><span class="iceOutTxt journeyDesc" id="iceform:dataList:1:j_idt230">If you wish to stay in a hotel that has friendly staff and an inviting ambience that reminds you of home, then head to the Grand Hotel.</span><span class="journeyDesc" style="margin-top: 0px"><a class="forecast-link" target="popup" onclick="window.open(this.href, 'popup', 'width=800,height=400,scrollbars=no, toolbar=no,status=no,resizable=yes,menubar=no,location=no,directories=no,top=10,left=10')" href="http://ec2-54-84-118-207.compute-1.amazonaws.com:8100/forecast?loc=Panipat&days=10&from=2017-09-29">Weather forecast</a></span><span class="iceOutTxt journeyDate" id="iceform:dataList:1:j_idt232">Sep 29 - Oct 8</span><a class="commonButton orangeButton1 journeyBookButton journeyBooked_false" href="/orange-booking-review.jsf?journeyId=1333" id="iceform:dataList:1:bookLink" name="iceform:dataList:1:bookLink">Book Now</a></div></div><div class="icePnlGrp resultBox" id="iceform:dataList:2:result"><div class="icePnlTlTip tripDetailsTip" id="iceform:dataList:2:tripDetailsTip" name="iceform:dataList:2:tripDetailsTip" style="display:none;visibility:hidden;"><table cellpadding="0" cellspacing="0"><tr id="iceform:dataList:2:tripDetailsTip-tr"><td class="icePnlTlTipBody tripDetailsTipBody" colspan="2"><table class="icePnlGrd tripDetailsPanel" id="iceform:dataList:2:j_idt170"><tbody><tr class="icePnlGrdRow1 tripDetailsPanelRow1"><td class="icePnlGrdCol tripDetailsPanelCol label" id="iceform:dataList:2:j_idt170-0-0"><label class="iceOutLbl heading" id="iceform:dataList:2:j_idt171">Trip details</label></td><td class="icePnlGrdCol tripDetailsPanelCol data" id="iceform:dataList:2:j_idt170-0-1"><label class="iceOutLbl" id="iceform:dataList:2:j_idt173"></label></td></tr><tr class="icePnlGrdRow2 tripDetailsPanelRow2"><td class="icePnlGrdCol tripDetailsPanelCol label" id="iceform:dataList:2:j_idt170-1-0"><div class="icePnlGrp" id="iceform:dataList:2:showrating">
		    <div class="rate_widget rating_7006" rel="7006" style="color: #28A6BB;">
		   	   <div class="total_votes"></div>
		    </div>

			<script type="text/javascript">
			    $('.tripDetailsPanel .rate_widget').each(function(i) {
				    getAverageTotal($(this));
				});
			</script></div></td><td class="icePnlGrdCol tripDetailsPanelCol data" id="iceform:dataList:2:j_idt170-1-1"><label class="iceOutLbl" id="iceform:dataList:2:j_idt176"></label></td></tr><tr class="icePnlGrdRow1 tripDetailsPanelRow1"><td class="icePnlGrdCol tripDetailsPanelCol label" id="iceform:dataList:2:j_idt170-2-0"><label class="iceOutLbl" id="iceform:dataList:2:j_idt177">Journey</label></td><td class="icePnlGrdCol tripDetailsPanelCol data" id="iceform:dataList:2:j_idt170-2-1"><span class="iceOutTxt" id="iceform:dataList:2:j_idt178"><a href="/orange-trip-details.jsf?journeyId=7006" id="iceform:dataList:2:popupDetailsLink" name="iceform:dataList:2:popupDetailsLink" title="Click for trip details">Arjay - Oldwick</a></span></td></tr><tr class="icePnlGrdRow2 tripDetailsPanelRow2"><td class="icePnlGrdCol tripDetailsPanelCol label" id="iceform:dataList:2:j_idt170-3-0"><label class="iceOutLbl" id="iceform:dataList:2:j_idt182">Destination</label></td><td class="icePnlGrdCol tripDetailsPanelCol data" id="iceform:dataList:2:j_idt170-3-1"><span class="iceOutTxt" id="iceform:dataList:2:j_idt183">Oldwick</span></td></tr><tr class="icePnlGrdRow1 tripDetailsPanelRow1"><td class="icePnlGrdCol tripDetailsPanelCol label" id="iceform:dataList:2:j_idt170-4-0"><label class="iceOutLbl" id="iceform:dataList:2:j_idt185">Tenant</label></td><td class="icePnlGrdCol tripDetailsPanelCol data" id="iceform:dataList:2:j_idt170-4-1"><span class="iceOutTxt" id="iceform:dataList:2:j_idt186">TravelNiche Ltd.</span></td></tr><tr class="icePnlGrdRow2 tripDetailsPanelRow2"><td class="icePnlGrdCol tripDetailsPanelCol label" id="iceform:dataList:2:j_idt170-5-0"><label class="iceOutLbl" for="iceform:dataList:2:travellers" id="iceform:dataList:2:j_idt188">Travellers</label></td><td class="icePnlGrdCol tripDetailsPanelCol data" id="iceform:dataList:2:j_idt170-5-1"><select class="iceSelOneMnu bookPaymentSelectLarge" id="iceform:dataList:2:travellers" name="iceform:dataList:2:travellers" onblur="setFocus('');" onchange="setFocus('');Ice.selectChange(form,this,event,null);" onfocus="setFocus(this.id);" size="1"><option value="1">1 adult</option><option value="2">1 adult+1 kid</option><option value="3">1 adult+2 kids</option><option selected="selected" value="4">2 adults</option><option value="5">2 adults+1 kid</option><option value="6">2 adults+2 kids</option></select></td></tr><tr class="icePnlGrdRow1 tripDetailsPanelRow1"><td class="icePnlGrdCol tripDetailsPanelCol label" id="iceform:dataList:2:j_idt170-6-0"><label class="iceOutLbl heading" id="iceform:dataList:2:j_idt191">Flight price</label></td><td class="icePnlGrdCol tripDetailsPanelCol data" id="iceform:dataList:2:j_idt170-6-1"><label class="iceOutLbl" id="iceform:dataList:2:j_idt193"></label></td></tr><tr class="icePnlGrdRow2 tripDetailsPanelRow2"><td class="icePnlGrdCol tripDetailsPanelCol label" id="iceform:dataList:2:j_idt170-7-0"><label class="iceOutLbl" id="iceform:dataList:2:j_idt194">Round-trip ticket</label></td><td class="icePnlGrdCol tripDetailsPanelCol data" id="iceform:dataList:2:j_idt170-7-1"><span class="iceOutFrmt">$ 588.57</span></td></tr><tr class="icePnlGrdRow1 tripDetailsPanelRow1"><td class="icePnlGrdCol tripDetailsPanelCol label" id="iceform:dataList:2:j_idt170-8-0"><label class="iceOutLbl heading" id="iceform:dataList:2:j_idt197">Hotel price</label></td><td class="icePnlGrdCol tripDetailsPanelCol data" id="iceform:dataList:2:j_idt170-8-1"><label class="iceOutLbl" id="iceform:dataList:2:j_idt199"></label></td></tr><tr class="icePnlGrdRow2 tripDetailsPanelRow2"><td class="icePnlGrdCol tripDetailsPanelCol label" id="iceform:dataList:2:j_idt170-9-0"><label class="iceOutLbl" id="iceform:dataList:2:j_idt200">1 room, 3 nights</label></td><td class="icePnlGrdCol tripDetailsPanelCol data" id="iceform:dataList:2:j_idt170-9-1"><span class="iceOutFrmt">$ 1373.33</span></td></tr><tr class="icePnlGrdRow1 tripDetailsPanelRow1"><td class="icePnlGrdCol tripDetailsPanelCol label" id="iceform:dataList:2:j_idt170-10-0"><label class="iceOutLbl" id="iceform:dataList:2:j_idt203">Taxes and fees</label></td><td class="icePnlGrdCol tripDetailsPanelCol data" id="iceform:dataList:2:j_idt170-10-1"><span class="iceOutFrmt">$ 29.90</span></td></tr><tr class="icePnlGrdRow2 tripDetailsPanelRow2"><td class="icePnlGrdCol tripDetailsPanelCol label" id="iceform:dataList:2:j_idt170-11-0"><label class="iceOutLbl heading" id="iceform:dataList:2:j_idt206">Total</label></td><td class="icePnlGrdCol tripDetailsPanelCol data" id="iceform:dataList:2:j_idt170-11-1"><span class="iceOutFrmt totalCosts">$ 1991.80</span></td></tr><tr class="icePnlGrdRow1 tripDetailsPanelRow1"><td class="icePnlGrdCol tripDetailsPanelCol label" id="iceform:dataList:2:j_idt170-12-0"><label class="iceOutLbl" id="iceform:dataList:2:j_idt210">Avg/person</label></td><td class="icePnlGrdCol tripDetailsPanelCol data" id="iceform:dataList:2:j_idt170-12-1"><span class="iceOutFrmt">$ 995.90</span></td></tr></tbody></table></td></tr></table><span id="iceform:dataList:2:tripDetailsTipscript"><script type="text/javascript">Ice.modal.stop('iceform:dataList:2:tripDetailsTip');; Ice.autoPosition.stop('iceform:dataList:2:tripDetailsTip');; Ice.autoCentre.stop('iceform:dataList:2:tripDetailsTip');; Ice.iFrameFix.start('iceform:dataList:2:tripDetailsTip','/xmlhttp/blank');</script></span></div><div class="icePnlGrp resultBoxImage" id="iceform:dataList:2:j_idt217" onmouseover="; new ToolTipPanelPopup(this, 'iceform:dataList:2:tripDetailsTip', event, 'mouseout','500', 'false', 'iceform', '','/xmlhttp/blank','hover',false);"><a href="/orange-trip-details.jsf?journeyId=7006" id="iceform:dataList:2:detailsLink" name="iceform:dataList:2:detailsLink"><div class="icePnlGrp" id="iceform:dataList:2:j_idt221">
						<img alt="no image available" class="etResultsImage" height="130" src="img/result_pic_1.png" /></div></a></div><div class="icePnlGrp resultBoxContent" id="iceform:dataList:2:j_idt223"><span class="iceOutTxt journeyName" id="iceform:dataList:2:j_idt224">Arjay - Oldwick</span><span class="iceOutFrmt journeyAmount">$ 995.90</span>

	 			<div class="rate_widget" style="color: #28A6BB;"><span class="iceOutTxt" id="iceform:dataList:2:j_idt228">Score from 0 reviews:0</span>
				</div><span class="iceOutTxt journeyDesc" id="iceform:dataList:2:j_idt230">If you wish to stay in a hotel that has friendly staff and an inviting ambience that reminds you of home, then head to the Grand Hotel.</span><span class="journeyDesc" style="margin-top: 0px"><a class="forecast-link" target="popup" onclick="window.open(this.href, 'popup', 'width=800,height=400,scrollbars=no, toolbar=no,status=no,resizable=yes,menubar=no,location=no,directories=no,top=10,left=10')" href="http://ec2-54-84-118-207.compute-1.amazonaws.com:8100/forecast?loc=Oldwick&days=4&from=2017-09-29">Weather forecast</a></span><span class="iceOutTxt journeyDate" id="iceform:dataList:2:j_idt232">Sep 29 - Oct 2</span><a class="commonButton orangeButton1 journeyBookButton journeyBooked_false" href="/orange-booking-review.jsf?journeyId=7006" id="iceform:dataList:2:bookLink" name="iceform:dataList:2:bookLink">Book Now</a></div></div><div class="icePnlGrp resultBox" id="iceform:dataList:3:result"><div class="icePnlTlTip tripDetailsTip" id="iceform:dataList:3:tripDetailsTip" name="iceform:dataList:3:tripDetailsTip" style="display:none;visibility:hidden;"><table cellpadding="0" cellspacing="0"><tr id="iceform:dataList:3:tripDetailsTip-tr"><td class="icePnlTlTipBody tripDetailsTipBody" colspan="2"><table class="icePnlGrd tripDetailsPanel" id="iceform:dataList:3:j_idt170"><tbody><tr class="icePnlGrdRow1 tripDetailsPanelRow1"><td class="icePnlGrdCol tripDetailsPanelCol label" id="iceform:dataList:3:j_idt170-0-0"><label class="iceOutLbl heading" id="iceform:dataList:3:j_idt171">Trip details</label></td><td class="icePnlGrdCol tripDetailsPanelCol data" id="iceform:dataList:3:j_idt170-0-1"><label class="iceOutLbl" id="iceform:dataList:3:j_idt173"></label></td></tr><tr class="icePnlGrdRow2 tripDetailsPanelRow2"><td class="icePnlGrdCol tripDetailsPanelCol label" id="iceform:dataList:3:j_idt170-1-0"><div class="icePnlGrp" id="iceform:dataList:3:showrating">
		    <div class="rate_widget rating_4080" rel="4080" style="color: #28A6BB;">
		   	   <div class="total_votes"></div>
		    </div>

			<script type="text/javascript">
			    $('.tripDetailsPanel .rate_widget').each(function(i) {
				    getAverageTotal($(this));
				});
			</script></div></td><td class="icePnlGrdCol tripDetailsPanelCol data" id="iceform:dataList:3:j_idt170-1-1"><label class="iceOutLbl" id="iceform:dataList:3:j_idt176"></label></td></tr><tr class="icePnlGrdRow1 tripDetailsPanelRow1"><td class="icePnlGrdCol tripDetailsPanelCol label" id="iceform:dataList:3:j_idt170-2-0"><label class="iceOutLbl" id="iceform:dataList:3:j_idt177">Journey</label></td><td class="icePnlGrdCol tripDetailsPanelCol data" id="iceform:dataList:3:j_idt170-2-1"><span class="iceOutTxt" id="iceform:dataList:3:j_idt178"><a href="/orange-trip-details.jsf?journeyId=4080" id="iceform:dataList:3:popupDetailsLink" name="iceform:dataList:3:popupDetailsLink" title="Click for trip details">Esch-Sur-Alzette - Pottstown</a></span></td></tr><tr class="icePnlGrdRow2 tripDetailsPanelRow2"><td class="icePnlGrdCol tripDetailsPanelCol label" id="iceform:dataList:3:j_idt170-3-0"><label class="iceOutLbl" id="iceform:dataList:3:j_idt182">Destination</label></td><td class="icePnlGrdCol tripDetailsPanelCol data" id="iceform:dataList:3:j_idt170-3-1"><span class="iceOutTxt" id="iceform:dataList:3:j_idt183">Pottstown</span></td></tr><tr class="icePnlGrdRow1 tripDetailsPanelRow1"><td class="icePnlGrdCol tripDetailsPanelCol label" id="iceform:dataList:3:j_idt170-4-0"><label class="iceOutLbl" id="iceform:dataList:3:j_idt185">Tenant</label></td><td class="icePnlGrdCol tripDetailsPanelCol data" id="iceform:dataList:3:j_idt170-4-1"><span class="iceOutTxt" id="iceform:dataList:3:j_idt186">TravelNiche Ltd.</span></td></tr><tr class="icePnlGrdRow2 tripDetailsPanelRow2"><td class="icePnlGrdCol tripDetailsPanelCol label" id="iceform:dataList:3:j_idt170-5-0"><label class="iceOutLbl" for="iceform:dataList:3:travellers" id="iceform:dataList:3:j_idt188">Travellers</label></td><td class="icePnlGrdCol tripDetailsPanelCol data" id="iceform:dataList:3:j_idt170-5-1"><select class="iceSelOneMnu bookPaymentSelectLarge" id="iceform:dataList:3:travellers" name="iceform:dataList:3:travellers" onblur="setFocus('');" onchange="setFocus('');Ice.selectChange(form,this,event,null);" onfocus="setFocus(this.id);" size="1"><option value="1">1 adult</option><option value="2">1 adult+1 kid</option><option value="3">1 adult+2 kids</option><option selected="selected" value="4">2 adults</option><option value="5">2 adults+1 kid</option><option value="6">2 adults+2 kids</option></select></td></tr><tr class="icePnlGrdRow1 tripDetailsPanelRow1"><td class="icePnlGrdCol tripDetailsPanelCol label" id="iceform:dataList:3:j_idt170-6-0"><label class="iceOutLbl heading" id="iceform:dataList:3:j_idt191">Flight price</label></td><td class="icePnlGrdCol tripDetailsPanelCol data" id="iceform:dataList:3:j_idt170-6-1"><label class="iceOutLbl" id="iceform:dataList:3:j_idt193"></label></td></tr><tr class="icePnlGrdRow2 tripDetailsPanelRow2"><td class="icePnlGrdCol tripDetailsPanelCol label" id="iceform:dataList:3:j_idt170-7-0"><label class="iceOutLbl" id="iceform:dataList:3:j_idt194">Round-trip ticket</label></td><td class="icePnlGrdCol tripDetailsPanelCol data" id="iceform:dataList:3:j_idt170-7-1"><span class="iceOutFrmt">$ 249.39</span></td></tr><tr class="icePnlGrdRow1 tripDetailsPanelRow1"><td class="icePnlGrdCol tripDetailsPanelCol label" id="iceform:dataList:3:j_idt170-8-0"><label class="iceOutLbl heading" id="iceform:dataList:3:j_idt197">Hotel price</label></td><td class="icePnlGrdCol tripDetailsPanelCol data" id="iceform:dataList:3:j_idt170-8-1"><label class="iceOutLbl" id="iceform:dataList:3:j_idt199"></label></td></tr><tr class="icePnlGrdRow2 tripDetailsPanelRow2"><td class="icePnlGrdCol tripDetailsPanelCol label" id="iceform:dataList:3:j_idt170-9-0"><label class="iceOutLbl" id="iceform:dataList:3:j_idt200">1 room, 9 nights</label></td><td class="icePnlGrdCol tripDetailsPanelCol data" id="iceform:dataList:3:j_idt170-9-1"><span class="iceOutFrmt">$ 581.91</span></td></tr><tr class="icePnlGrdRow1 tripDetailsPanelRow1"><td class="icePnlGrdCol tripDetailsPanelCol label" id="iceform:dataList:3:j_idt170-10-0"><label class="iceOutLbl" id="iceform:dataList:3:j_idt203">Taxes and fees</label></td><td class="icePnlGrdCol tripDetailsPanelCol data" id="iceform:dataList:3:j_idt170-10-1"><span class="iceOutFrmt">$ 29.90</span></td></tr><tr class="icePnlGrdRow2 tripDetailsPanelRow2"><td class="icePnlGrdCol tripDetailsPanelCol label" id="iceform:dataList:3:j_idt170-11-0"><label class="iceOutLbl heading" id="iceform:dataList:3:j_idt206">Total</label></td><td class="icePnlGrdCol tripDetailsPanelCol data" id="iceform:dataList:3:j_idt170-11-1"><span class="iceOutFrmt totalCosts">$ 861.20</span></td></tr><tr class="icePnlGrdRow1 tripDetailsPanelRow1"><td class="icePnlGrdCol tripDetailsPanelCol label" id="iceform:dataList:3:j_idt170-12-0"><label class="iceOutLbl" id="iceform:dataList:3:j_idt210">Avg/person</label></td><td class="icePnlGrdCol tripDetailsPanelCol data" id="iceform:dataList:3:j_idt170-12-1"><span class="iceOutFrmt">$ 430.60</span></td></tr></tbody></table></td></tr></table><span id="iceform:dataList:3:tripDetailsTipscript"><script type="text/javascript">Ice.modal.stop('iceform:dataList:3:tripDetailsTip');; Ice.autoPosition.stop('iceform:dataList:3:tripDetailsTip');; Ice.autoCentre.stop('iceform:dataList:3:tripDetailsTip');; Ice.iFrameFix.start('iceform:dataList:3:tripDetailsTip','/xmlhttp/blank');</script></span></div><div class="icePnlGrp resultBoxImage" id="iceform:dataList:3:j_idt217" onmouseover="; new ToolTipPanelPopup(this, 'iceform:dataList:3:tripDetailsTip', event, 'mouseout','500', 'false', 'iceform', '','/xmlhttp/blank','hover',false);"><a href="/orange-trip-details.jsf?journeyId=4080" id="iceform:dataList:3:detailsLink" name="iceform:dataList:3:detailsLink"><img alt="" class="iceGphImg etResultsImage downshadow" height="130" id="iceform:dataList:3:j_idt219" src="/icefaces/resource/MTU2MjQ1MjM2Mw==/" /></a></div><div class="icePnlGrp resultBoxContent" id="iceform:dataList:3:j_idt223"><span class="iceOutTxt journeyName" id="iceform:dataList:3:j_idt224">Esch-Sur-Alzette - Pottstown</span><span class="iceOutFrmt journeyAmount">$ 430.60</span>

	 			<div class="rate_widget" style="color: #28A6BB;"><span class="iceOutTxt" id="iceform:dataList:3:j_idt228">Score from 0 reviews:0</span>
				</div><span class="iceOutTxt journeyDesc" id="iceform:dataList:3:j_idt230">If you wish to stay in a hotel that has friendly staff and an inviting ambience that reminds you of home, then head to the Grand Hotel.</span><span class="journeyDesc" style="margin-top: 0px"><a class="forecast-link" target="popup" onclick="window.open(this.href, 'popup', 'width=800,height=400,scrollbars=no, toolbar=no,status=no,resizable=yes,menubar=no,location=no,directories=no,top=10,left=10')" href="http://ec2-54-84-118-207.compute-1.amazonaws.com:8100/forecast?loc=Pottstown&days=10&from=2017-09-29">Weather forecast</a></span><span class="iceOutTxt journeyDate" id="iceform:dataList:3:j_idt232">Sep 29 - Oct 8</span><a class="commonButton orangeButton1 journeyBookButton journeyBooked_false" href="/orange-booking-review.jsf?journeyId=4080" id="iceform:dataList:3:bookLink" name="iceform:dataList:3:bookLink">Book Now</a></div></div><div class="icePnlGrp resultBox" id="iceform:dataList:4:result"><div class="icePnlTlTip tripDetailsTip" id="iceform:dataList:4:tripDetailsTip" name="iceform:dataList:4:tripDetailsTip" style="display:none;visibility:hidden;"><table cellpadding="0" cellspacing="0"><tr id="iceform:dataList:4:tripDetailsTip-tr"><td class="icePnlTlTipBody tripDetailsTipBody" colspan="2"><table class="icePnlGrd tripDetailsPanel" id="iceform:dataList:4:j_idt170"><tbody><tr class="icePnlGrdRow1 tripDetailsPanelRow1"><td class="icePnlGrdCol tripDetailsPanelCol label" id="iceform:dataList:4:j_idt170-0-0"><label class="iceOutLbl heading" id="iceform:dataList:4:j_idt171">Trip details</label></td><td class="icePnlGrdCol tripDetailsPanelCol data" id="iceform:dataList:4:j_idt170-0-1"><label class="iceOutLbl" id="iceform:dataList:4:j_idt173"></label></td></tr><tr class="icePnlGrdRow2 tripDetailsPanelRow2"><td class="icePnlGrdCol tripDetailsPanelCol label" id="iceform:dataList:4:j_idt170-1-0"><div class="icePnlGrp" id="iceform:dataList:4:showrating">
		    <div class="rate_widget rating_5558" rel="5558" style="color: #28A6BB;">
		   	   <div class="total_votes"></div>
		    </div>

			<script type="text/javascript">
			    $('.tripDetailsPanel .rate_widget').each(function(i) {
				    getAverageTotal($(this));
				});
			</script></div></td><td class="icePnlGrdCol tripDetailsPanelCol data" id="iceform:dataList:4:j_idt170-1-1"><label class="iceOutLbl" id="iceform:dataList:4:j_idt176"></label></td></tr><tr class="icePnlGrdRow1 tripDetailsPanelRow1"><td class="icePnlGrdCol tripDetailsPanelCol label" id="iceform:dataList:4:j_idt170-2-0"><label class="iceOutLbl" id="iceform:dataList:4:j_idt177">Journey</label></td><td class="icePnlGrdCol tripDetailsPanelCol data" id="iceform:dataList:4:j_idt170-2-1"><span class="iceOutTxt" id="iceform:dataList:4:j_idt178"><a href="/orange-trip-details.jsf?journeyId=5558" id="iceform:dataList:4:popupDetailsLink" name="iceform:dataList:4:popupDetailsLink" title="Click for trip details">Gainesville - Bangalore</a></span></td></tr><tr class="icePnlGrdRow2 tripDetailsPanelRow2"><td class="icePnlGrdCol tripDetailsPanelCol label" id="iceform:dataList:4:j_idt170-3-0"><label class="iceOutLbl" id="iceform:dataList:4:j_idt182">Destination</label></td><td class="icePnlGrdCol tripDetailsPanelCol data" id="iceform:dataList:4:j_idt170-3-1"><span class="iceOutTxt" id="iceform:dataList:4:j_idt183">Bangalore</span></td></tr><tr class="icePnlGrdRow1 tripDetailsPanelRow1"><td class="icePnlGrdCol tripDetailsPanelCol label" id="iceform:dataList:4:j_idt170-4-0"><label class="iceOutLbl" id="iceform:dataList:4:j_idt185">Tenant</label></td><td class="icePnlGrdCol tripDetailsPanelCol data" id="iceform:dataList:4:j_idt170-4-1"><span class="iceOutTxt" id="iceform:dataList:4:j_idt186">Thomas Chef</span></td></tr><tr class="icePnlGrdRow2 tripDetailsPanelRow2"><td class="icePnlGrdCol tripDetailsPanelCol label" id="iceform:dataList:4:j_idt170-5-0"><label class="iceOutLbl" for="iceform:dataList:4:travellers" id="iceform:dataList:4:j_idt188">Travellers</label></td><td class="icePnlGrdCol tripDetailsPanelCol data" id="iceform:dataList:4:j_idt170-5-1"><select class="iceSelOneMnu bookPaymentSelectLarge" id="iceform:dataList:4:travellers" name="iceform:dataList:4:travellers" onblur="setFocus('');" onchange="setFocus('');Ice.selectChange(form,this,event,null);" onfocus="setFocus(this.id);" size="1"><option value="1">1 adult</option><option value="2">1 adult+1 kid</option><option value="3">1 adult+2 kids</option><option selected="selected" value="4">2 adults</option><option value="5">2 adults+1 kid</option><option value="6">2 adults+2 kids</option></select></td></tr><tr class="icePnlGrdRow1 tripDetailsPanelRow1"><td class="icePnlGrdCol tripDetailsPanelCol label" id="iceform:dataList:4:j_idt170-6-0"><label class="iceOutLbl heading" id="iceform:dataList:4:j_idt191">Flight price</label></td><td class="icePnlGrdCol tripDetailsPanelCol data" id="iceform:dataList:4:j_idt170-6-1"><label class="iceOutLbl" id="iceform:dataList:4:j_idt193"></label></td></tr><tr class="icePnlGrdRow2 tripDetailsPanelRow2"><td class="icePnlGrdCol tripDetailsPanelCol label" id="iceform:dataList:4:j_idt170-7-0"><label class="iceOutLbl" id="iceform:dataList:4:j_idt194">Round-trip ticket</label></td><td class="icePnlGrdCol tripDetailsPanelCol data" id="iceform:dataList:4:j_idt170-7-1"><span class="iceOutFrmt">$ 708.15</span></td></tr><tr class="icePnlGrdRow1 tripDetailsPanelRow1"><td class="icePnlGrdCol tripDetailsPanelCol label" id="iceform:dataList:4:j_idt170-8-0"><label class="iceOutLbl heading" id="iceform:dataList:4:j_idt197">Hotel price</label></td><td class="icePnlGrdCol tripDetailsPanelCol data" id="iceform:dataList:4:j_idt170-8-1"><label class="iceOutLbl" id="iceform:dataList:4:j_idt199"></label></td></tr><tr class="icePnlGrdRow2 tripDetailsPanelRow2"><td class="icePnlGrdCol tripDetailsPanelCol label" id="iceform:dataList:4:j_idt170-9-0"><label class="iceOutLbl" id="iceform:dataList:4:j_idt200">1 room, 3 nights</label></td><td class="icePnlGrdCol tripDetailsPanelCol data" id="iceform:dataList:4:j_idt170-9-1"><span class="iceOutFrmt">$ 1652.35</span></td></tr><tr class="icePnlGrdRow1 tripDetailsPanelRow1"><td class="icePnlGrdCol tripDetailsPanelCol label" id="iceform:dataList:4:j_idt170-10-0"><label class="iceOutLbl" id="iceform:dataList:4:j_idt203">Taxes and fees</label></td><td class="icePnlGrdCol tripDetailsPanelCol data" id="iceform:dataList:4:j_idt170-10-1"><span class="iceOutFrmt">$ 29.90</span></td></tr><tr class="icePnlGrdRow2 tripDetailsPanelRow2"><td class="icePnlGrdCol tripDetailsPanelCol label" id="iceform:dataList:4:j_idt170-11-0"><label class="iceOutLbl heading" id="iceform:dataList:4:j_idt206">Total</label></td><td class="icePnlGrdCol tripDetailsPanelCol data" id="iceform:dataList:4:j_idt170-11-1"><span class="iceOutFrmt totalCosts">$ 2390.40</span></td></tr><tr class="icePnlGrdRow1 tripDetailsPanelRow1"><td class="icePnlGrdCol tripDetailsPanelCol label" id="iceform:dataList:4:j_idt170-12-0"><label class="iceOutLbl" id="iceform:dataList:4:j_idt210">Avg/person</label></td><td class="icePnlGrdCol tripDetailsPanelCol data" id="iceform:dataList:4:j_idt170-12-1"><span class="iceOutFrmt">$ 1195.20</span></td></tr></tbody></table></td></tr></table><span id="iceform:dataList:4:tripDetailsTipscript"><script type="text/javascript">Ice.modal.stop('iceform:dataList:4:tripDetailsTip');; Ice.autoPosition.stop('iceform:dataList:4:tripDetailsTip');; Ice.autoCentre.stop('iceform:dataList:4:tripDetailsTip');; Ice.iFrameFix.start('iceform:dataList:4:tripDetailsTip','/xmlhttp/blank');</script></span></div><div class="icePnlGrp resultBoxImage" id="iceform:dataList:4:j_idt217" onmouseover="; new ToolTipPanelPopup(this, 'iceform:dataList:4:tripDetailsTip', event, 'mouseout','500', 'false', 'iceform', '','/xmlhttp/blank','hover',false);"><a href="/orange-trip-details.jsf?journeyId=5558" id="iceform:dataList:4:detailsLink" name="iceform:dataList:4:detailsLink"><div class="icePnlGrp" id="iceform:dataList:4:j_idt221">
						<img alt="no image available" class="etResultsImage" height="130" src="img/result_pic_1.png" /></div></a></div><div class="icePnlGrp resultBoxContent" id="iceform:dataList:4:j_idt223"><span class="iceOutTxt journeyName" id="iceform:dataList:4:j_idt224">Gainesville - Bangalore</span><span class="iceOutFrmt journeyAmount">$ 1195.20</span>

	 			<div class="rate_widget" style="color: #28A6BB;"><span class="iceOutTxt" id="iceform:dataList:4:j_idt228">Score from 0 reviews:0</span>
				</div><span class="iceOutTxt journeyDesc" id="iceform:dataList:4:j_idt230">If you wish to stay in a hotel that has friendly staff and an inviting ambience that reminds you of home, then head to the Grand Hotel.</span><span class="journeyDesc" style="margin-top: 0px"><a class="forecast-link" target="popup" onclick="window.open(this.href, 'popup', 'width=800,height=400,scrollbars=no, toolbar=no,status=no,resizable=yes,menubar=no,location=no,directories=no,top=10,left=10')" href="http://ec2-54-84-118-207.compute-1.amazonaws.com:8100/forecast?loc=Bangalore&days=4&from=2017-11-26">Weather forecast</a></span><span class="iceOutTxt journeyDate" id="iceform:dataList:4:j_idt232">Nov 26 - Nov 29</span><a class="commonButton orangeButton1 journeyBookButton journeyBooked_false" href="/orange-booking-review.jsf?journeyId=5558" id="iceform:dataList:4:bookLink" name="iceform:dataList:4:bookLink">Book Now</a></div></div></div>

</div><div class="icePnlGrp clearer" id="iceform:j_idt236"></div><span id="iceformhdnFldsDiv"><input name="icefacesCssUpdates" type="hidden" value="" /><input name="iceform:fromDate_cc" type="hidden" /><input name="iceform:j_idcl" type="hidden" /><input name="iceform:j_idiceform:toDatesp" type="hidden" /><input name="iceform:toDate_cc" type="hidden" /><input name="iceform:j_idiceform:fromDatesp" type="hidden" /></span></form>]]></update><update id="javax.faces.ViewState"><![CDATA[-8151802887003273974:6905445407665877790]]></update><eval><![CDATA[ice.applyFocus('iceform:search');]]></eval><eval><![CDATA[ToolTipPanelPopupUtil.adjustPosition('loginForm:userList');ToolTipPanelPopupUtil.adjustPosition('iceform:promotionTip');ToolTipPanelPopupUtil.adjustPosition('iceform:dataList:0:tripDetailsTip');ToolTipPanelPopupUtil.adjustPosition('iceform:dataList:1:tripDetailsTip');ToolTipPanelPopupUtil.adjustPosition('iceform:dataList:2:tripDetailsTip');ToolTipPanelPopupUtil.adjustPosition('iceform:dataList:3:tripDetailsTip');ToolTipPanelPopupUtil.adjustPosition('iceform:dataList:4:tripDetailsTip');Ice.Scriptaculous.Sortable.create('iceform:dataList',{containment:false,dropOnEmpty:true,constraint:false,tag:'div',onUpdate:function(){var o = Ice.Scriptaculous.Sortable.options('iceform:dataList');var s = o.serializeValue;f = Ice.Prototype.$('iceform:j_idiceform:dataListcolOrder');f.value = s;}});//1632075385]]></eval></changes></partial-response>