<?xml version='1.0' encoding='UTF-8'?>
<partial-response><changes><update id="_t13"><![CDATA[<a href="/orange.jsf" id="_t13" name="_t13">Homelink</a>]]></update><update id="_t16"><![CDATA[<a href="/orange.jsf" id="_t16" name="_t16">Home</a>]]></update><update id="_t19"><![CDATA[<a class="active_false" href="/about-orange.jsf" id="_t19" name="_t19">About</a>]]></update><update id="_t22"><![CDATA[<a class="active_false" href="/contact-orange.jsf" id="_t22" name="_t22">Contact</a>]]></update><update id="_t25"><![CDATA[<a class="active_false" href="/legal-orange.jsf" id="_t25" name="_t25">Terms of Use</a>]]></update><update id="_t28"><![CDATA[<a class="active_false" href="/privacy-orange.jsf" id="_t28" name="_t28">Privacy Policy</a>]]></update><update id="loginForm"><![CDATA[<form action="/orange.jsf" class="iceFrm" enctype="application/x-www-form-urlencoded" id="loginForm" method="post" onsubmit="return false;"><input name="loginForm" type="hidden" value="loginForm" /><input id="javax.faces.ViewState" type="hidden" autocomplete="off" value="-8151802887003273974:6905445407665877790" name="javax.faces.ViewState"/><input name="ice.window" type="hidden" value="r4j8acrrwc" /><input name="ice.view" type="hidden" value="vynh7ci3ptl" /><script id="loginForm:loginForm_captureSubmit" type="text/javascript">ice.captureSubmit('loginForm',false);ice.captureEnterKey('loginForm');</script>
	<div class="orangeHeaderLogin"><a class="iceCmdLnk button" href="javascript:;" id="loginForm:loginLink" onblur="setFocus('');" onclick="var form=formOf(this);form['loginForm:j_idcl'].value='loginForm:loginLink';iceSubmit(form,this,event);form['loginForm:j_idcl'].value='';return false;" onfocus="setFocus(this.id);">Login</a>
	</div><div class="icePnlTlTip tripDetailsTip" id="loginForm:userList" name="loginForm:userList" style="display:none;visibility:hidden;"><table cellpadding="0" cellspacing="0"><tr id="loginForm:userList-tr"><td class="icePnlTlTipBody tripDetailsTipBody" colspan="2"><div class="icePnlSrs tripDetailsPanel" id="loginForm:j_idt47"></div></td></tr></table><span id="loginForm:userListscript"><script type="text/javascript">Ice.modal.stop('loginForm:userList');; Ice.autoPosition.stop('loginForm:userList');; Ice.autoCentre.stop('loginForm:userList');; Ice.iFrameFix.start('loginForm:userList','/xmlhttp/blank');</script></span></div>
	<div class="orangeHeaderLoginForm"><div class="icePnlPop" id="loginForm:j_idt50" name="loginForm:j_idt50" style="display:none;"><table cellpadding="0" cellspacing="0"><tr id="loginForm:j_idt50-tr"><td class="icePnlPopBody" colspan="2"><div class="icePnlGrp" id="loginForm:j_idt51"><span class="iceOutTxt orangeLoginMessage" id="loginForm:j_idt52">
           				Please <strong>Log In</strong> or create a <strong>New Account</strong></span><label class="iceOutLbl orangeLoginUsername" for="loginForm:username" id="loginForm:j_idt56">Username</label><input class="iceInpTxt orangeLoginTextbox orangeLoginUsername" id="loginForm:username" name="loginForm:username" onblur="setFocus('');" onfocus="setFocus(this.id);" onkeypress="iceSubmit(form,this,event);" onmousedown="this.focus();" type="text" value="" /><label class="iceOutLbl orangeLoginPassword" for="loginForm:password" id="loginForm:j_idt57">Password</label><input class="iceInpSecrt orangeLoginTextbox orangeLoginPassword" id="loginForm:password" name="loginForm:password" onblur="setFocus('');" onfocus="setFocus(this.id);" onkeypress="iceSubmit(form,this,event);" onmousedown="this.focus();" type="password" value="" /><a class="commonButton grayButton3 orangeLoginButton orangeLoginNewAccount" href="/orange-newaccount.jsf" id="loginForm:newAccount" name="loginForm:newAccount">New Account</a><input class="iceCmdBtn loginPrivacy" id="loginForm:j_idt58" name="loginForm:j_idt58" onblur="setFocus('');" onclick="iceSubmit(form,this,event);return false;" onfocus="setFocus(this.id);" src="img/privacypolicy_lock.png" type="image" /><input class="iceCmdBtn commonButton grayButton4 orangeLoginButton orangeLoginCancel" id="loginForm:loginCancel" name="loginForm:loginCancel" onblur="setFocus('');" onclick="iceSubmit(form,this,event);return false;" onfocus="setFocus(this.id);" type="submit" value="Cancel" /><input class="iceCmdBtn commonButton orangeButton4 orangeLoginButton orangeLoginSubmit" id="loginForm:loginSubmit" name="loginForm:loginSubmit" onblur="setFocus('');" onclick="iceSubmit(form,this,event);return false;" onfocus="setFocus(this.id);" type="submit" value="Login" /></div></td></tr></table><span id="loginForm:j_idt50script"><script type="text/javascript">Ice.modal.stop('loginForm:j_idt50');; Ice.autoPosition.stop('loginForm:j_idt50');; Ice.autoCentre.stop('loginForm:j_idt50');; Ice.iFrameFix.start('loginForm:j_idt50','/xmlhttp/blank');</script></span></div>
	</div><div class="icePnlPop userList" id="loginForm:j_idt62" name="loginForm:j_idt62" style="display:none;"><table cellpadding="0" cellspacing="0"><tr id="loginForm:j_idt62-tr"><td class="icePnlPopBody userListBody" colspan="2"><div class="icePnlSrs tripDetailsPanel" id="loginForm:j_idt63"></div></td></tr></table><span id="loginForm:j_idt62script"><script type="text/javascript">Ice.modal.stop('loginForm:j_idt62');; Ice.autoPosition.stop('loginForm:j_idt62');; Ice.autoCentre.stop('loginForm:j_idt62');; Ice.iFrameFix.start('loginForm:j_idt62','/xmlhttp/blank');</script></span></div><span id="loginFormhdnFldsDiv"><input name="icefacesCssUpdates" type="hidden" value="" /><input name="loginForm:j_idcl" type="hidden" /></span></form>]]></update><update id="iceform"><![CDATA[<form action="/orange.jsf" class="iceFrm" enctype="application/x-www-form-urlencoded" id="iceform" method="post" onsubmit="return false;"><input name="iceform" type="hidden" value="iceform" /><input id="javax.faces.ViewState" type="hidden" autocomplete="off" value="-8151802887003273974:6905445407665877790" name="javax.faces.ViewState"/><input name="ice.window" type="hidden" value="r4j8acrrwc" /><input name="ice.view" type="hidden" value="vynh7ci3ptl" /><script id="iceform:iceform_captureSubmit" type="text/javascript">ice.captureSubmit('iceform',false);ice.captureEnterKey('iceform');</script><div xmlns="http://www.w3.org/1999/xhtml"><div class="icePnlTlTip tripDetailsTip" id="iceform:promotionTip" name="iceform:promotionTip" style="display:none;visibility:hidden;"><table cellpadding="0" cellspacing="0"><tr id="iceform:promotionTip-tr"><td class="icePnlTlTipBody tripDetailsTipBody" colspan="2"><table class="icePnlGrd tripDetailsPanel" id="iceform:j_idt71"><tbody><tr class="icePnlGrdRow1 tripDetailsPanelRow1"><td class="icePnlGrdCol tripDetailsPanelCol label" id="iceform:j_idt71-0-0"><label class="iceOutLbl heading" id="iceform:j_idt72">Trip details</label></td><td class="icePnlGrdCol tripDetailsPanelCol data" id="iceform:j_idt71-0-1"><label class="iceOutLbl" id="iceform:j_idt74"></label></td></tr><tr class="icePnlGrdRow2 tripDetailsPanelRow2"><td class="icePnlGrdCol tripDetailsPanelCol label" id="iceform:j_idt71-1-0"><div class="icePnlGrp" id="iceform:showrating">
		    <div class="rate_widget rating_2530" rel="2530" style="color: #28A6BB;">
		   	   <div class="total_votes"></div>
		    </div>

			<script type="text/javascript">
			    $('.tripDetailsPanel .rate_widget').each(function(i) {
				    getAverageTotal($(this));
				});
			</script></div></td><td class="icePnlGrdCol tripDetailsPanelCol data" id="iceform:j_idt71-1-1"><label class="iceOutLbl" id="iceform:j_idt77"></label></td></tr><tr class="icePnlGrdRow1 tripDetailsPanelRow1"><td class="icePnlGrdCol tripDetailsPanelCol label" id="iceform:j_idt71-2-0"><label class="iceOutLbl" id="iceform:j_idt78">Journey</label></td><td class="icePnlGrdCol tripDetailsPanelCol data" id="iceform:j_idt71-2-1"><span class="iceOutTxt" id="iceform:j_idt79"><a href="/orange-trip-details.jsf?journeyId=2530" id="iceform:popupDetailsLink" name="iceform:popupDetailsLink" title="Click for trip details">Beavertown - Beijing</a></span></td></tr><tr class="icePnlGrdRow2 tripDetailsPanelRow2"><td class="icePnlGrdCol tripDetailsPanelCol label" id="iceform:j_idt71-3-0"><label class="iceOutLbl" id="iceform:j_idt83">Destination</label></td><td class="icePnlGrdCol tripDetailsPanelCol data" id="iceform:j_idt71-3-1"><span class="iceOutTxt" id="iceform:j_idt84">Beijing</span></td></tr><tr class="icePnlGrdRow1 tripDetailsPanelRow1"><td class="icePnlGrdCol tripDetailsPanelCol label" id="iceform:j_idt71-4-0"><label class="iceOutLbl" id="iceform:j_idt86">Tenant</label></td><td class="icePnlGrdCol tripDetailsPanelCol data" id="iceform:j_idt71-4-1"><span class="iceOutTxt" id="iceform:j_idt87">Personal Travel Inc.</span></td></tr><tr class="icePnlGrdRow2 tripDetailsPanelRow2"><td class="icePnlGrdCol tripDetailsPanelCol label" id="iceform:j_idt71-5-0"><label class="iceOutLbl" for="iceform:travellers" id="iceform:j_idt89">Travellers</label></td><td class="icePnlGrdCol tripDetailsPanelCol data" id="iceform:j_idt71-5-1"><select class="iceSelOneMnu bookPaymentSelectLarge" id="iceform:travellers" name="iceform:travellers" onblur="setFocus('');" onchange="setFocus('');Ice.selectChange(form,this,event,null);" onfocus="setFocus(this.id);" size="1"><option value="1">1 adult</option><option value="2">1 adult+1 kid</option><option value="3">1 adult+2 kids</option><option selected="selected" value="4">2 adults</option><option value="5">2 adults+1 kid</option><option value="6">2 adults+2 kids</option></select></td></tr><tr class="icePnlGrdRow1 tripDetailsPanelRow1"><td class="icePnlGrdCol tripDetailsPanelCol label" id="iceform:j_idt71-6-0"><label class="iceOutLbl heading" id="iceform:j_idt92">Flight price</label></td><td class="icePnlGrdCol tripDetailsPanelCol data" id="iceform:j_idt71-6-1"><label class="iceOutLbl" id="iceform:j_idt94"></label></td></tr><tr class="icePnlGrdRow2 tripDetailsPanelRow2"><td class="icePnlGrdCol tripDetailsPanelCol label" id="iceform:j_idt71-7-0"><label class="iceOutLbl" id="iceform:j_idt95">Round-trip ticket</label></td><td class="icePnlGrdCol tripDetailsPanelCol data" id="iceform:j_idt71-7-1"><span class="iceOutFrmt">$ 652.71</span></td></tr><tr class="icePnlGrdRow1 tripDetailsPanelRow1"><td class="icePnlGrdCol tripDetailsPanelCol label" id="iceform:j_idt71-8-0"><label class="iceOutLbl heading" id="iceform:j_idt98">Hotel price</label></td><td class="icePnlGrdCol tripDetailsPanelCol data" id="iceform:j_idt71-8-1"><label class="iceOutLbl" id="iceform:j_idt100"></label></td></tr><tr class="icePnlGrdRow2 tripDetailsPanelRow2"><td class="icePnlGrdCol tripDetailsPanelCol label" id="iceform:j_idt71-9-0"><label class="iceOutLbl" id="iceform:j_idt101">1 room, 8 nights</label></td><td class="icePnlGrdCol tripDetailsPanelCol data" id="iceform:j_idt71-9-1"><span class="iceOutFrmt">$ 1522.99</span></td></tr><tr class="icePnlGrdRow1 tripDetailsPanelRow1"><td class="icePnlGrdCol tripDetailsPanelCol label" id="iceform:j_idt71-10-0"><label class="iceOutLbl" id="iceform:j_idt104">Taxes and fees</label></td><td class="icePnlGrdCol tripDetailsPanelCol data" id="iceform:j_idt71-10-1"><span class="iceOutFrmt">$ 29.90</span></td></tr><tr class="icePnlGrdRow2 tripDetailsPanelRow2"><td class="icePnlGrdCol tripDetailsPanelCol label" id="iceform:j_idt71-11-0"><label class="iceOutLbl heading" id="iceform:j_idt107">Total</label></td><td class="icePnlGrdCol tripDetailsPanelCol data" id="iceform:j_idt71-11-1"><span class="iceOutFrmt totalCosts">$ 2205.60</span></td></tr><tr class="icePnlGrdRow1 tripDetailsPanelRow1"><td class="icePnlGrdCol tripDetailsPanelCol label" id="iceform:j_idt71-12-0"><label class="iceOutLbl" id="iceform:j_idt111">Avg/person</label></td><td class="icePnlGrdCol tripDetailsPanelCol data" id="iceform:j_idt71-12-1"><span class="iceOutFrmt">$ 1102.80</span></td></tr><tr class="icePnlGrdRow2 tripDetailsPanelRow2"><td class="icePnlGrdCol tripDetailsPanelCol label" id="iceform:j_idt71-13-0"><div class="icePnlGrp" id="iceform:j_idt114">
	   		<script type="text/javascript">
	   		$(function() {
			    rumapi.reportString('promotion', 'Beijing');
	   		});
	   		</script></div></td><td class="icePnlGrdCol tripDetailsPanelCol data" id="iceform:j_idt71-13-1"><div class="icePnlGrp journeyBookSpacer" id="iceform:j_idt116"></div></td></tr><tr class="icePnlGrdRow1 tripDetailsPanelRow1"><td class="icePnlGrdCol tripDetailsPanelCol label" id="iceform:j_idt71-14-0"><a class="commonButton orangeButton1 journeyBookButton journeyBooked_false" href="/orange-booking-review.jsf?journeyId=2530" id="iceform:popupBookLink" name="iceform:popupBookLink">Book Now</a></td></tr></tbody></table></td></tr></table><span id="iceform:promotionTipscript"><script type="text/javascript">Ice.modal.stop('iceform:promotionTip');; Ice.autoPosition.stop('iceform:promotionTip');; Ice.autoCentre.stop('iceform:promotionTip');; Ice.iFrameFix.start('iceform:promotionTip','/xmlhttp/blank');</script></span></div><script type="text/javascript">
		
		rumapi.incrementOnLoadEndMarkers();
		var imageHasLoaded = false;
		function onResultImageLoaded(imgRef){
			if(!imageHasLoaded && window.performance && window.performance.mark){
				window.performance.mark('mark_recommendations_loaded');
				imageHasLoaded = true;
				setTimeout(function(){
					rumapi.signalOnLoadEnd();
				}, 50);
			}
		}

	</script><div class="icePnlGrp orangeImage headerImgHolder" id="iceform:headerImgHolder" onclick="; new ToolTipPanelPopup(this, 'iceform:promotionTip', event, 'mousedown','500', 'false', 'iceform', '','/xmlhttp/blank','click',false);"><a class="iceCmdLnk" href="javascript:;" id="iceform:j_idt120" onblur="setFocus('');" onclick="var form=formOf(this);form['iceform:j_idcl'].value='iceform:j_idt120';iceSubmit(form,this,event);form['iceform:j_idcl'].value='';return false;" onfocus="setFocus(this.id);"><img alt="" class="iceGphImg" id="iceform:headerImg" src="img/header1.png" /></a><img alt="" class="iceGphImg banner" id="iceform:j_idt121" src="img/promotion/banner.png" /><img alt="" class="iceGphImg banner" id="iceform:j_idt122" src="img/promotion/banner_Beijing.png" /></div>
</div><div class="icePnlGrp orangeBanner" id="iceform:j_idt125"><img class="iceGphImg" src="http://et-demo2-thirdpartycontentserver.cfapps.io/image/road1.png" alt="promotion"></img></div><div xmlns="http://www.w3.org/1999/xhtml"><div class="icePnlGrp orangeSearch" id="iceform:j_idt128">
        <h1 class="mainBoxHeader">Your Journey</h1><div class="iceOutConStat navConnectionStatus" id="iceform:connectStat2"><div class="iceOutConStatInactv navConnectionStatusInactv" id="iceform:connectStat2:connection-idle"></div><div class="iceOutConStatActv navConnectionStatusActv" id="iceform:connectStat2:connection-working" style="visibility: hidden;"></div><div class="iceOutConStatCaution navConnectionStatusCaution" id="iceform:connectStat2:connection-trouble" style="visibility: hidden;"></div><div class="iceOutConStatDisconnect navConnectionStatusDisconnect" id="iceform:connectStat2:connection-lost" style="visibility: hidden;"></div><script id="iceform:connectStat2script" type="text/javascript">ice.onLoad(function(){ice.ComponentIndicators('iceform:connectStat2:connection-working', 'iceform:connectStat2:connection-idle', 'iceform:connectStat2:connection-trouble', 'iceform:connectStat2:connection-lost', false, false);});</script></div>
		<div class="orangeSearchForm"><table class="icePnlGrd" id="iceform:j_idt131"><tbody><tr class="icePnlGrdRow1"><td class="icePnlGrdCol label" id="iceform:j_idt131-0-0"><label class="iceOutLbl" for="iceform:destination" id="iceform:j_idt132">Trip Destination</label></td><td class="icePnlGrdCol data" id="iceform:j_idt131-0-1"><div class="iceSelInpTxt" rows="10" title="Start typing your destination..." width="95%"><input autocomplete="off" class="iceSelInpTxtTxt" id="iceform:destination" name="iceform:destination" onblur="setFocus('');" onfocus="setFocus(this.id);" onmousedown="this.focus();" style="width:95%" type="text" value="B" /><div class="iceSelInpTxtList" id="iceform:destination_div"></div><input name="iceform:destination_idx" type="hidden" /><script id="iceform:destinationscript" type="text/javascript">new Ice.Autocompleter('iceform:destination','iceform:destination_div', {minChars:3, frequency:0.01} ,'iceSelInpTxtRow','iceSelInpTxtSelRow');</script></div></td></tr><tr class="icePnlGrdRow2"><td class="icePnlGrdCol label" id="iceform:j_idt131-1-0"><label class="iceOutLbl" for="iceform:fromDate" id="iceform:j_idt135">From Date</label></td><td class="icePnlGrdCol data" id="iceform:j_idt131-1-1"><div class="iceSelInpDatePopup" id="iceform:fromDate_rd" lang="en" title="When do you want to start..."><input class="iceSelInpDateInput" id="iceform:fromDate" name="iceform:fromDate" onblur="setFocus('');iceSubmitPartial(form, this, event);" onfocus="setFocus('');" onkeypress="iceSubmit(form,this,event);" type="text" value="" /><input alt="Open popup calendar" class="iceSelInpDateOpenPopup" id="iceform:fromDate_cb" name="iceform:fromDate_cb" onclick="document.forms['iceform']['iceform:j_idcl'].value='iceform:fromDate_cb';document.forms['iceform']['iceform:j_idiceform:fromDatesp'].value='toggle';iceSubmitPartial( document.forms['iceform'], this,event);document.forms['iceform']['iceform:j_idcl'].value='';document.forms['iceform']['iceform:j_idiceform:fromDatesp'].value='';Ice.Calendar.addCloseListener('iceform:fromDate','iceform','iceform:j_idcl','iceform:j_idiceform:fromDatesp');return false;" onfocus="setFocus('');" src="/xmlhttp/css/xp/css-images/spacer.gif" title="Open popup calendar" type="image" /></div></td></tr><tr class="icePnlGrdRow1"><td class="icePnlGrdCol label" id="iceform:j_idt131-2-0"><label class="iceOutLbl" for="iceform:toDate" id="iceform:j_idt137">To Date</label></td><td class="icePnlGrdCol data" id="iceform:j_idt131-2-1"><div class="iceSelInpDatePopup" id="iceform:toDate_rd" lang="en" title="When do you need to be home..."><input class="iceSelInpDateInput" id="iceform:toDate" name="iceform:toDate" onblur="setFocus('');iceSubmitPartial(form, this, event);" onfocus="setFocus('');" onkeypress="iceSubmit(form,this,event);" type="text" value="" /><input alt="Open popup calendar" class="iceSelInpDateOpenPopup" id="iceform:toDate_cb" name="iceform:toDate_cb" onclick="document.forms['iceform']['iceform:j_idcl'].value='iceform:toDate_cb';document.forms['iceform']['iceform:j_idiceform:toDatesp'].value='toggle';iceSubmitPartial( document.forms['iceform'], this,event);document.forms['iceform']['iceform:j_idcl'].value='';document.forms['iceform']['iceform:j_idiceform:toDatesp'].value='';Ice.Calendar.addCloseListener('iceform:toDate','iceform','iceform:j_idcl','iceform:j_idiceform:toDatesp');return false;" onfocus="setFocus('');" src="/xmlhttp/css/xp/css-images/spacer.gif" title="Open popup calendar" type="image" /></div></td></tr></tbody></table><input class="iceCmdBtn commonButton orangeButton1 orangeSearchButton" id="iceform:search" name="iceform:search" onblur="setFocus('');" onclick="showRecommendation();iceSubmit(form,this,event);return false;" onfocus="setFocus(this.id);" type="submit" value="Search" /><div class="icePnlGrp searchHint" id="iceform:j_idt139"><div class="icePnlGrp" id="iceform:j_idt141"><a class="iceCmdLnk" href="javascript:;" id="iceform:j_idt145" onblur="setFocus('');" onclick="var form=formOf(this);form['iceform:j_idcl'].value='iceform:j_idt145';iceSubmit(form,this,event);form['iceform:j_idcl'].value='';return false;" onfocus="setFocus(this.id);"> [Clear]</a><a href="/result.jsf?dest=B&amp;from=&amp;to=" id="iceform:_t146" name="iceform:_t146"> [Permlink]</a></div></div>
		</div></div>

	<script>
		
		var showRecommendationWait1000 = function() { showRecommendationWait(1000); };
		window.onload = showRecommendationWait1000;
	</script>
</div><div xmlns="http://www.w3.org/1999/xhtml">
</div><div xmlns="http://www.w3.org/1999/xhtml">

</div><div class="icePnlGrp clearer" id="iceform:j_idt236"></div><span id="iceformhdnFldsDiv"><input name="icefacesCssUpdates" type="hidden" value="" /><input name="iceform:fromDate_cc" type="hidden" /><input name="iceform:j_idcl" type="hidden" /><input name="iceform:j_idiceform:toDatesp" type="hidden" /><input name="iceform:toDate_cc" type="hidden" /><input name="iceform:j_idiceform:fromDatesp" type="hidden" /></span></form>]]></update><update id="vynh7ci3ptl"><![CDATA[<form action="/orange.jsf" id="vynh7ci3ptl" method="post" name="vynh7ci3ptl">
<input name="vynh7ci3ptl" type="hidden" value="vynh7ci3ptl" />
<span id="vynh7ci3ptlhdnFldsDiv"><input name="icefacesCssUpdates" type="hidden" value="" /></span>
</form>]]></update><update id="dynamic-code-compat"><![CDATA[<span id="dynamic-code-compat"></span>]]></update><update id="javax.faces.ViewState"><![CDATA[-8151802887003273974:6905445407665877790]]></update><eval><![CDATA[ice.applyFocus('iceform:destination');]]></eval><eval><![CDATA[ToolTipPanelPopupUtil.adjustPosition('loginForm:userList');ToolTipPanelPopupUtil.adjustPosition('iceform:promotionTip');Ice.Scriptaculous.Autocompleter.Finder.find('iceform:destination').updateNOW('<div></div>');//1588252580]]></eval></changes></partial-response>