<?xml version='1.0' encoding='UTF-8'?>
<partial-response><changes><update id="iceform:_t146"><![CDATA[<a href="/result.jsf?dest=gaB&amp;from=&amp;to=" id="iceform:_t146" name="iceform:_t146"> [Permlink]</a>]]></update><update id="javax.faces.ViewState"><![CDATA[-8151802887003273974:6905445407665877790]]></update><eval><![CDATA[ice.applyFocus('iceform:destination');]]></eval><eval><![CDATA[ToolTipPanelPopupUtil.adjustPosition('loginForm:userList');ToolTipPanelPopupUtil.adjustPosition('iceform:promotionTip');Ice.Scriptaculous.Autocompleter.Finder.find('iceform:destination').updateNOW('<div><div><span class="informal"><table class="icePnlGrd" id="iceform:destination:j_idt133"><tbody><tr class="icePnlGrdRow1"><td class="icePnlGrdCol1" id="iceform:destination:j_idt133-0-0"><span class="iceOutTxt" id="iceform:destination:j_idt134">Gable</span></td></tr></tbody></table></span><span style="visibility:hidden;display:none;">Gable</span></div><div><span class="informal"><table class="icePnlGrd" id="iceform:destination:0:j_idt133"><tbody><tr class="icePnlGrdRow1"><td class="icePnlGrdCol1" id="iceform:destination:0:j_idt133-0-0"><span class="iceOutTxt" id="iceform:destination:1:j_idt134">Gabriels</span></td></tr></tbody></table></span><span style="visibility:hidden;display:none;">Gabriels</span></div><div><span class="informal"><table class="icePnlGrd" id="iceform:destination:2:j_idt133"><tbody><tr class="icePnlGrdRow1"><td class="icePnlGrdCol1" id="iceform:destination:2:j_idt133-0-0"><span class="iceOutTxt" id="iceform:destination:3:j_idt134">San Gabriel</span></td></tr></tbody></table></span><span style="visibility:hidden;display:none;">San Gabriel</span></div></div>');//-325474254]]></eval></changes></partial-response>