<?xml version='1.0' encoding='UTF-8'?>
<partial-response><changes><update id="iceform:j_idt125"><![CDATA[<div class="icePnlGrp orangeBanner" id="iceform:j_idt125"><img class="iceGphImg" src="http://et-demo2-thirdpartycontentserver.cfapps.io/image/easyTravel_banner.png" alt="promotion"></img></div>]]></update><update id="iceform:toDate_rd"><![CDATA[<div class="iceSelInpDatePopup" id="iceform:toDate_rd" lang="en" title="When do you need to be home..."><input class="iceSelInpDateInput" id="iceform:toDate" name="iceform:toDate" onblur="setFocus('');iceSubmitPartial(form, this, event);" onfocus="setFocus('');" onkeypress="iceSubmit(form,this,event);" type="text" value="" /><input alt="Close popup calendar" class="iceSelInpDateClosePopup" id="iceform:toDate_cb" name="iceform:toDate_cb" onclick="document.forms['iceform']['iceform:j_idcl'].value='iceform:toDate_cb';document.forms['iceform']['iceform:j_idiceform:toDatesp'].value='toggle';iceSubmitPartial( document.forms['iceform'], this,event);document.forms['iceform']['iceform:j_idcl'].value='';document.forms['iceform']['iceform:j_idiceform:toDatesp'].value='';Ice.Calendar.addCloseListener('iceform:toDate','iceform','iceform:j_idcl','iceform:j_idiceform:toDatesp');return false;" onfocus="setFocus('');" src="/xmlhttp/css/xp/css-images/spacer.gif" title="Close popup calendar" type="image" /><br/><div id="iceform:toDate_cp" name="iceform:toDate_cp" style="position:absolute;z-index:10;" title="A popup calendar where a date can be selected"><div><table cellpadding="0" cellspacing="0" class="iceSelInpDate" id="iceform:toDate_ct" name="iceform:toDate_ct" onmousemove="" onmouseout="" onmouseover="" style="position:absolute;" summary="This is a popup calendar. You can change the year and month at the top, and below, each column is a day of the week, and each cell is a day of the month"><tr><td colspan="7"><table cellpadding="0" cellspacing="0" summary="Year and month selection" width="100%"><tr><td class="iceSelInpDateMonthYear" id="iceform:toDate_pmtd"><a class="iceCmdLnk" href="javascript:;" id="iceform:toDate_pm" onblur="setFocus('');" onclick="var form=formOf(this);form['iceform:j_idcl'].value='iceform:toDate_pm';form['iceform:toDate_cc'].value='Sep 2, 2017';iceSubmitPartial(form,this,event);form['iceform:j_idcl'].value='';form['iceform:toDate_cc'].value='';return false;" onfocus="setFocus(this.id);"><img alt="Show previous month: September" class="iceGphImg iceSelInpDateMovePrev" height="16" id="iceform:toDate_img_60" src="/xmlhttp/css/xp/css-images/spacer.gif" style="border:none;" title="Show previous month: September" width="17" /></a></td><td class="iceSelInpDateMonthYear" width="40%">October</td><td class="iceSelInpDateMonthYear" id="iceform:toDate_nmtd"><a class="iceCmdLnk" href="javascript:;" id="iceform:toDate_nm" onblur="setFocus('');" onclick="var form=formOf(this);form['iceform:j_idcl'].value='iceform:toDate_nm';form['iceform:toDate_cc'].value='Nov 2, 2017';iceSubmitPartial(form,this,event);form['iceform:j_idcl'].value='';form['iceform:toDate_cc'].value='';return false;" onfocus="setFocus(this.id);"><img alt="Show next month: November" class="iceGphImg iceSelInpDateMoveNext" height="16" id="iceform:toDate_img_62" src="/xmlhttp/css/xp/css-images/spacer.gif" style="border:none;" title="Show next month: November" width="17" /></a></td><td class="iceSelInpDateMonthYear"></td><td class="iceSelInpDateMonthYear" id="iceform:toDate_pytd"><a class="iceCmdLnk" href="javascript:;" id="iceform:toDate_py" onblur="setFocus('');" onclick="var form=formOf(this);form['iceform:j_idcl'].value='iceform:toDate_py';form['iceform:toDate_cc'].value='Oct 2, 2016';iceSubmitPartial(form,this,event);form['iceform:j_idcl'].value='';form['iceform:toDate_cc'].value='';return false;" onfocus="setFocus(this.id);"><img alt="Show previous year: 2016" class="iceGphImg iceSelInpDateMovePrev" height="16" id="iceform:toDate_img_1920" src="/xmlhttp/css/xp/css-images/spacer.gif" style="border:none;" title="Show previous year: 2016" width="17" /></a></td><td class="iceSelInpDateMonthYear">2017</td><td class="iceSelInpDateMonthYear" id="iceform:toDate_nytd"><a class="iceCmdLnk" href="javascript:;" id="iceform:toDate_ny" onblur="setFocus('');" onclick="var form=formOf(this);form['iceform:j_idcl'].value='iceform:toDate_ny';form['iceform:toDate_cc'].value='Oct 2, 2018';iceSubmitPartial(form,this,event);form['iceform:j_idcl'].value='';form['iceform:toDate_cc'].value='';return false;" onfocus="setFocus(this.id);"><img alt="Show next year: 2018" class="iceGphImg iceSelInpDateMoveNext" height="16" id="iceform:toDate_img_1984" src="/xmlhttp/css/xp/css-images/spacer.gif" style="border:none;" title="Show next year: 2018" width="17" /></a></td></tr></table></td></tr><tr><td class="iceSelInpDateWeek" title="Sunday">Sun</td><td class="iceSelInpDateWeek" title="Monday">Mon</td><td class="iceSelInpDateWeek" title="Tuesday">Tue</td><td class="iceSelInpDateWeek" title="Wednesday">Wed</td><td class="iceSelInpDateWeek" title="Thursday">Thu</td><td class="iceSelInpDateWeek" title="Friday">Fri</td><td class="iceSelInpDateWeek" title="Saturday">Sat</td></tr><tr><td class="iceSelInpDateDay " id="iceform:toDate_c_49td"><a class="iceCmdLnk" href="javascript:;" id="iceform:toDate_c_49" onblur="setFocus('');" onclick="var form=formOf(this);form['iceform:j_idcl'].value='iceform:toDate_c_49';form['iceform:j_idiceform:toDatesp'].value='false';form['iceform:toDate_cc'].value='Oct 1, 2017';iceSubmitPartial(form,this,event);form['iceform:j_idcl'].value='';form['iceform:j_idiceform:toDatesp'].value='';form['iceform:toDate_cc'].value='';return false;" onfocus="setFocus(this.id);"><span class="iceOutTxt" id="iceform:toDate_text_49" title="Sunday">1</span></a></td><td class="iceSelInpDateDay " id="iceform:toDate_c_50td"><a class="iceCmdLnk" href="javascript:;" id="iceform:toDate_c_50" onblur="setFocus('');" onclick="var form=formOf(this);form['iceform:j_idcl'].value='iceform:toDate_c_50';form['iceform:j_idiceform:toDatesp'].value='false';form['iceform:toDate_cc'].value='Oct 2, 2017';iceSubmitPartial(form,this,event);form['iceform:j_idcl'].value='';form['iceform:j_idiceform:toDatesp'].value='';form['iceform:toDate_cc'].value='';return false;" onfocus="setFocus(this.id);"><span class="iceOutTxt" id="iceform:toDate_text_50" title="Monday">2</span></a></td><td class="iceSelInpDateDay " id="iceform:toDate_c_51td"><a class="iceCmdLnk" href="javascript:;" id="iceform:toDate_c_51" onblur="setFocus('');" onclick="var form=formOf(this);form['iceform:j_idcl'].value='iceform:toDate_c_51';form['iceform:j_idiceform:toDatesp'].value='false';form['iceform:toDate_cc'].value='Oct 3, 2017';iceSubmitPartial(form,this,event);form['iceform:j_idcl'].value='';form['iceform:j_idiceform:toDatesp'].value='';form['iceform:toDate_cc'].value='';return false;" onfocus="setFocus(this.id);"><span class="iceOutTxt" id="iceform:toDate_text_51" title="Tuesday">3</span></a></td><td class="iceSelInpDateDay " id="iceform:toDate_c_52td"><a class="iceCmdLnk" href="javascript:;" id="iceform:toDate_c_52" onblur="setFocus('');" onclick="var form=formOf(this);form['iceform:j_idcl'].value='iceform:toDate_c_52';form['iceform:j_idiceform:toDatesp'].value='false';form['iceform:toDate_cc'].value='Oct 4, 2017';iceSubmitPartial(form,this,event);form['iceform:j_idcl'].value='';form['iceform:j_idiceform:toDatesp'].value='';form['iceform:toDate_cc'].value='';return false;" onfocus="setFocus(this.id);"><span class="iceOutTxt" id="iceform:toDate_text_52" title="Wednesday">4</span></a></td><td class="iceSelInpDateDay " id="iceform:toDate_c_53td"><a class="iceCmdLnk" href="javascript:;" id="iceform:toDate_c_53" onblur="setFocus('');" onclick="var form=formOf(this);form['iceform:j_idcl'].value='iceform:toDate_c_53';form['iceform:j_idiceform:toDatesp'].value='false';form['iceform:toDate_cc'].value='Oct 5, 2017';iceSubmitPartial(form,this,event);form['iceform:j_idcl'].value='';form['iceform:j_idiceform:toDatesp'].value='';form['iceform:toDate_cc'].value='';return false;" onfocus="setFocus(this.id);"><span class="iceOutTxt" id="iceform:toDate_text_53" title="Thursday">5</span></a></td><td class="iceSelInpDateDay " id="iceform:toDate_c_54td"><a class="iceCmdLnk" href="javascript:;" id="iceform:toDate_c_54" onblur="setFocus('');" onclick="var form=formOf(this);form['iceform:j_idcl'].value='iceform:toDate_c_54';form['iceform:j_idiceform:toDatesp'].value='false';form['iceform:toDate_cc'].value='Oct 6, 2017';iceSubmitPartial(form,this,event);form['iceform:j_idcl'].value='';form['iceform:j_idiceform:toDatesp'].value='';form['iceform:toDate_cc'].value='';return false;" onfocus="setFocus(this.id);"><span class="iceOutTxt" id="iceform:toDate_text_54" title="Friday">6</span></a></td><td class="iceSelInpDateDay " id="iceform:toDate_c_55td"><a class="iceCmdLnk" href="javascript:;" id="iceform:toDate_c_55" onblur="setFocus('');" onclick="var form=formOf(this);form['iceform:j_idcl'].value='iceform:toDate_c_55';form['iceform:j_idiceform:toDatesp'].value='false';form['iceform:toDate_cc'].value='Oct 7, 2017';iceSubmitPartial(form,this,event);form['iceform:j_idcl'].value='';form['iceform:j_idiceform:toDatesp'].value='';form['iceform:toDate_cc'].value='';return false;" onfocus="setFocus(this.id);"><span class="iceOutTxt" id="iceform:toDate_text_55" title="Saturday">7</span></a></td></tr><tr><td class="iceSelInpDateDay " id="iceform:toDate_c_56td"><a class="iceCmdLnk" href="javascript:;" id="iceform:toDate_c_56" onblur="setFocus('');" onclick="var form=formOf(this);form['iceform:j_idcl'].value='iceform:toDate_c_56';form['iceform:j_idiceform:toDatesp'].value='false';form['iceform:toDate_cc'].value='Oct 8, 2017';iceSubmitPartial(form,this,event);form['iceform:j_idcl'].value='';form['iceform:j_idiceform:toDatesp'].value='';form['iceform:toDate_cc'].value='';return false;" onfocus="setFocus(this.id);"><span class="iceOutTxt" id="iceform:toDate_text_56" title="Sunday">8</span></a></td><td class="iceSelInpDateDay " id="iceform:toDate_c_57td"><a class="iceCmdLnk" href="javascript:;" id="iceform:toDate_c_57" onblur="setFocus('');" onclick="var form=formOf(this);form['iceform:j_idcl'].value='iceform:toDate_c_57';form['iceform:j_idiceform:toDatesp'].value='false';form['iceform:toDate_cc'].value='Oct 9, 2017';iceSubmitPartial(form,this,event);form['iceform:j_idcl'].value='';form['iceform:j_idiceform:toDatesp'].value='';form['iceform:toDate_cc'].value='';return false;" onfocus="setFocus(this.id);"><span class="iceOutTxt" id="iceform:toDate_text_57" title="Monday">9</span></a></td><td class="iceSelInpDateDay " id="iceform:toDate_c_1567td"><a class="iceCmdLnk" href="javascript:;" id="iceform:toDate_c_1567" onblur="setFocus('');" onclick="var form=formOf(this);form['iceform:j_idcl'].value='iceform:toDate_c_1567';form['iceform:j_idiceform:toDatesp'].value='false';form['iceform:toDate_cc'].value='Oct 10, 2017';iceSubmitPartial(form,this,event);form['iceform:j_idcl'].value='';form['iceform:j_idiceform:toDatesp'].value='';form['iceform:toDate_cc'].value='';return false;" onfocus="setFocus(this.id);"><span class="iceOutTxt" id="iceform:toDate_text_1567" title="Tuesday">10</span></a></td><td class="iceSelInpDateDay " id="iceform:toDate_c_1568td"><a class="iceCmdLnk" href="javascript:;" id="iceform:toDate_c_1568" onblur="setFocus('');" onclick="var form=formOf(this);form['iceform:j_idcl'].value='iceform:toDate_c_1568';form['iceform:j_idiceform:toDatesp'].value='false';form['iceform:toDate_cc'].value='Oct 11, 2017';iceSubmitPartial(form,this,event);form['iceform:j_idcl'].value='';form['iceform:j_idiceform:toDatesp'].value='';form['iceform:toDate_cc'].value='';return false;" onfocus="setFocus(this.id);"><span class="iceOutTxt" id="iceform:toDate_text_1568" title="Wednesday">11</span></a></td><td class="iceSelInpDateDay " id="iceform:toDate_c_1569td"><a class="iceCmdLnk" href="javascript:;" id="iceform:toDate_c_1569" onblur="setFocus('');" onclick="var form=formOf(this);form['iceform:j_idcl'].value='iceform:toDate_c_1569';form['iceform:j_idiceform:toDatesp'].value='false';form['iceform:toDate_cc'].value='Oct 12, 2017';iceSubmitPartial(form,this,event);form['iceform:j_idcl'].value='';form['iceform:j_idiceform:toDatesp'].value='';form['iceform:toDate_cc'].value='';return false;" onfocus="setFocus(this.id);"><span class="iceOutTxt" id="iceform:toDate_text_1569" title="Thursday">12</span></a></td><td class="iceSelInpDateDay " id="iceform:toDate_c_1570td"><a class="iceCmdLnk" href="javascript:;" id="iceform:toDate_c_1570" onblur="setFocus('');" onclick="var form=formOf(this);form['iceform:j_idcl'].value='iceform:toDate_c_1570';form['iceform:j_idiceform:toDatesp'].value='false';form['iceform:toDate_cc'].value='Oct 13, 2017';iceSubmitPartial(form,this,event);form['iceform:j_idcl'].value='';form['iceform:j_idiceform:toDatesp'].value='';form['iceform:toDate_cc'].value='';return false;" onfocus="setFocus(this.id);"><span class="iceOutTxt" id="iceform:toDate_text_1570" title="Friday">13</span></a></td><td class="iceSelInpDateDay " id="iceform:toDate_c_1571td"><a class="iceCmdLnk" href="javascript:;" id="iceform:toDate_c_1571" onblur="setFocus('');" onclick="var form=formOf(this);form['iceform:j_idcl'].value='iceform:toDate_c_1571';form['iceform:j_idiceform:toDatesp'].value='false';form['iceform:toDate_cc'].value='Oct 14, 2017';iceSubmitPartial(form,this,event);form['iceform:j_idcl'].value='';form['iceform:j_idiceform:toDatesp'].value='';form['iceform:toDate_cc'].value='';return false;" onfocus="setFocus(this.id);"><span class="iceOutTxt" id="iceform:toDate_text_1571" title="Saturday">14</span></a></td></tr><tr><td class="iceSelInpDateDay " id="iceform:toDate_c_1572td"><a class="iceCmdLnk" href="javascript:;" id="iceform:toDate_c_1572" onblur="setFocus('');" onclick="var form=formOf(this);form['iceform:j_idcl'].value='iceform:toDate_c_1572';form['iceform:j_idiceform:toDatesp'].value='false';form['iceform:toDate_cc'].value='Oct 15, 2017';iceSubmitPartial(form,this,event);form['iceform:j_idcl'].value='';form['iceform:j_idiceform:toDatesp'].value='';form['iceform:toDate_cc'].value='';return false;" onfocus="setFocus(this.id);"><span class="iceOutTxt" id="iceform:toDate_text_1572" title="Sunday">15</span></a></td><td class="iceSelInpDateDay " id="iceform:toDate_c_1573td"><a class="iceCmdLnk" href="javascript:;" id="iceform:toDate_c_1573" onblur="setFocus('');" onclick="var form=formOf(this);form['iceform:j_idcl'].value='iceform:toDate_c_1573';form['iceform:j_idiceform:toDatesp'].value='false';form['iceform:toDate_cc'].value='Oct 16, 2017';iceSubmitPartial(form,this,event);form['iceform:j_idcl'].value='';form['iceform:j_idiceform:toDatesp'].value='';form['iceform:toDate_cc'].value='';return false;" onfocus="setFocus(this.id);"><span class="iceOutTxt" id="iceform:toDate_text_1573" title="Monday">16</span></a></td><td class="iceSelInpDateDay " id="iceform:toDate_c_1574td"><a class="iceCmdLnk" href="javascript:;" id="iceform:toDate_c_1574" onblur="setFocus('');" onclick="var form=formOf(this);form['iceform:j_idcl'].value='iceform:toDate_c_1574';form['iceform:j_idiceform:toDatesp'].value='false';form['iceform:toDate_cc'].value='Oct 17, 2017';iceSubmitPartial(form,this,event);form['iceform:j_idcl'].value='';form['iceform:j_idiceform:toDatesp'].value='';form['iceform:toDate_cc'].value='';return false;" onfocus="setFocus(this.id);"><span class="iceOutTxt" id="iceform:toDate_text_1574" title="Tuesday">17</span></a></td><td class="iceSelInpDateDay " id="iceform:toDate_c_1575td"><a class="iceCmdLnk" href="javascript:;" id="iceform:toDate_c_1575" onblur="setFocus('');" onclick="var form=formOf(this);form['iceform:j_idcl'].value='iceform:toDate_c_1575';form['iceform:j_idiceform:toDatesp'].value='false';form['iceform:toDate_cc'].value='Oct 18, 2017';iceSubmitPartial(form,this,event);form['iceform:j_idcl'].value='';form['iceform:j_idiceform:toDatesp'].value='';form['iceform:toDate_cc'].value='';return false;" onfocus="setFocus(this.id);"><span class="iceOutTxt" id="iceform:toDate_text_1575" title="Wednesday">18</span></a></td><td class="iceSelInpDateDay " id="iceform:toDate_c_1576td"><a class="iceCmdLnk" href="javascript:;" id="iceform:toDate_c_1576" onblur="setFocus('');" onclick="var form=formOf(this);form['iceform:j_idcl'].value='iceform:toDate_c_1576';form['iceform:j_idiceform:toDatesp'].value='false';form['iceform:toDate_cc'].value='Oct 19, 2017';iceSubmitPartial(form,this,event);form['iceform:j_idcl'].value='';form['iceform:j_idiceform:toDatesp'].value='';form['iceform:toDate_cc'].value='';return false;" onfocus="setFocus(this.id);"><span class="iceOutTxt" id="iceform:toDate_text_1576" title="Thursday">19</span></a></td><td class="iceSelInpDateDay " id="iceform:toDate_c_1598td"><a class="iceCmdLnk" href="javascript:;" id="iceform:toDate_c_1598" onblur="setFocus('');" onclick="var form=formOf(this);form['iceform:j_idcl'].value='iceform:toDate_c_1598';form['iceform:j_idiceform:toDatesp'].value='false';form['iceform:toDate_cc'].value='Oct 20, 2017';iceSubmitPartial(form,this,event);form['iceform:j_idcl'].value='';form['iceform:j_idiceform:toDatesp'].value='';form['iceform:toDate_cc'].value='';return false;" onfocus="setFocus(this.id);"><span class="iceOutTxt" id="iceform:toDate_text_1598" title="Friday">20</span></a></td><td class="iceSelInpDateDay " id="iceform:toDate_c_1599td"><a class="iceCmdLnk" href="javascript:;" id="iceform:toDate_c_1599" onblur="setFocus('');" onclick="var form=formOf(this);form['iceform:j_idcl'].value='iceform:toDate_c_1599';form['iceform:j_idiceform:toDatesp'].value='false';form['iceform:toDate_cc'].value='Oct 21, 2017';iceSubmitPartial(form,this,event);form['iceform:j_idcl'].value='';form['iceform:j_idiceform:toDatesp'].value='';form['iceform:toDate_cc'].value='';return false;" onfocus="setFocus(this.id);"><span class="iceOutTxt" id="iceform:toDate_text_1599" title="Saturday">21</span></a></td></tr><tr><td class="iceSelInpDateDay " id="iceform:toDate_c_1600td"><a class="iceCmdLnk" href="javascript:;" id="iceform:toDate_c_1600" onblur="setFocus('');" onclick="var form=formOf(this);form['iceform:j_idcl'].value='iceform:toDate_c_1600';form['iceform:j_idiceform:toDatesp'].value='false';form['iceform:toDate_cc'].value='Oct 22, 2017';iceSubmitPartial(form,this,event);form['iceform:j_idcl'].value='';form['iceform:j_idiceform:toDatesp'].value='';form['iceform:toDate_cc'].value='';return false;" onfocus="setFocus(this.id);"><span class="iceOutTxt" id="iceform:toDate_text_1600" title="Sunday">22</span></a></td><td class="iceSelInpDateDay " id="iceform:toDate_c_1601td"><a class="iceCmdLnk" href="javascript:;" id="iceform:toDate_c_1601" onblur="setFocus('');" onclick="var form=formOf(this);form['iceform:j_idcl'].value='iceform:toDate_c_1601';form['iceform:j_idiceform:toDatesp'].value='false';form['iceform:toDate_cc'].value='Oct 23, 2017';iceSubmitPartial(form,this,event);form['iceform:j_idcl'].value='';form['iceform:j_idiceform:toDatesp'].value='';form['iceform:toDate_cc'].value='';return false;" onfocus="setFocus(this.id);"><span class="iceOutTxt" id="iceform:toDate_text_1601" title="Monday">23</span></a></td><td class="iceSelInpDateDay " id="iceform:toDate_c_1602td"><a class="iceCmdLnk" href="javascript:;" id="iceform:toDate_c_1602" onblur="setFocus('');" onclick="var form=formOf(this);form['iceform:j_idcl'].value='iceform:toDate_c_1602';form['iceform:j_idiceform:toDatesp'].value='false';form['iceform:toDate_cc'].value='Oct 24, 2017';iceSubmitPartial(form,this,event);form['iceform:j_idcl'].value='';form['iceform:j_idiceform:toDatesp'].value='';form['iceform:toDate_cc'].value='';return false;" onfocus="setFocus(this.id);"><span class="iceOutTxt" id="iceform:toDate_text_1602" title="Tuesday">24</span></a></td><td class="iceSelInpDateDay " id="iceform:toDate_c_1603td"><a class="iceCmdLnk" href="javascript:;" id="iceform:toDate_c_1603" onblur="setFocus('');" onclick="var form=formOf(this);form['iceform:j_idcl'].value='iceform:toDate_c_1603';form['iceform:j_idiceform:toDatesp'].value='false';form['iceform:toDate_cc'].value='Oct 25, 2017';iceSubmitPartial(form,this,event);form['iceform:j_idcl'].value='';form['iceform:j_idiceform:toDatesp'].value='';form['iceform:toDate_cc'].value='';return false;" onfocus="setFocus(this.id);"><span class="iceOutTxt" id="iceform:toDate_text_1603" title="Wednesday">25</span></a></td><td class="iceSelInpDateDay " id="iceform:toDate_c_1604td"><a class="iceCmdLnk" href="javascript:;" id="iceform:toDate_c_1604" onblur="setFocus('');" onclick="var form=formOf(this);form['iceform:j_idcl'].value='iceform:toDate_c_1604';form['iceform:j_idiceform:toDatesp'].value='false';form['iceform:toDate_cc'].value='Oct 26, 2017';iceSubmitPartial(form,this,event);form['iceform:j_idcl'].value='';form['iceform:j_idiceform:toDatesp'].value='';form['iceform:toDate_cc'].value='';return false;" onfocus="setFocus(this.id);"><span class="iceOutTxt" id="iceform:toDate_text_1604" title="Thursday">26</span></a></td><td class="iceSelInpDateDay " id="iceform:toDate_c_1605td"><a class="iceCmdLnk" href="javascript:;" id="iceform:toDate_c_1605" onblur="setFocus('');" onclick="var form=formOf(this);form['iceform:j_idcl'].value='iceform:toDate_c_1605';form['iceform:j_idiceform:toDatesp'].value='false';form['iceform:toDate_cc'].value='Oct 27, 2017';iceSubmitPartial(form,this,event);form['iceform:j_idcl'].value='';form['iceform:j_idiceform:toDatesp'].value='';form['iceform:toDate_cc'].value='';return false;" onfocus="setFocus(this.id);"><span class="iceOutTxt" id="iceform:toDate_text_1605" title="Friday">27</span></a></td><td class="iceSelInpDateDay " id="iceform:toDate_c_1606td"><a class="iceCmdLnk" href="javascript:;" id="iceform:toDate_c_1606" onblur="setFocus('');" onclick="var form=formOf(this);form['iceform:j_idcl'].value='iceform:toDate_c_1606';form['iceform:j_idiceform:toDatesp'].value='false';form['iceform:toDate_cc'].value='Oct 28, 2017';iceSubmitPartial(form,this,event);form['iceform:j_idcl'].value='';form['iceform:j_idiceform:toDatesp'].value='';form['iceform:toDate_cc'].value='';return false;" onfocus="setFocus(this.id);"><span class="iceOutTxt" id="iceform:toDate_text_1606" title="Saturday">28</span></a></td></tr><tr><td class="iceSelInpDateDay " id="iceform:toDate_c_1607td"><a class="iceCmdLnk" href="javascript:;" id="iceform:toDate_c_1607" onblur="setFocus('');" onclick="var form=formOf(this);form['iceform:j_idcl'].value='iceform:toDate_c_1607';form['iceform:j_idiceform:toDatesp'].value='false';form['iceform:toDate_cc'].value='Oct 29, 2017';iceSubmitPartial(form,this,event);form['iceform:j_idcl'].value='';form['iceform:j_idiceform:toDatesp'].value='';form['iceform:toDate_cc'].value='';return false;" onfocus="setFocus(this.id);"><span class="iceOutTxt" id="iceform:toDate_text_1607" title="Sunday">29</span></a></td><td class="iceSelInpDateDay " id="iceform:toDate_c_1629td"><a class="iceCmdLnk" href="javascript:;" id="iceform:toDate_c_1629" onblur="setFocus('');" onclick="var form=formOf(this);form['iceform:j_idcl'].value='iceform:toDate_c_1629';form['iceform:j_idiceform:toDatesp'].value='false';form['iceform:toDate_cc'].value='Oct 30, 2017';iceSubmitPartial(form,this,event);form['iceform:j_idcl'].value='';form['iceform:j_idiceform:toDatesp'].value='';form['iceform:toDate_cc'].value='';return false;" onfocus="setFocus(this.id);"><span class="iceOutTxt" id="iceform:toDate_text_1629" title="Monday">30</span></a></td><td class="iceSelInpDateDay " id="iceform:toDate_c_1630td"><a class="iceCmdLnk" href="javascript:;" id="iceform:toDate_c_1630" onblur="setFocus('');" onclick="var form=formOf(this);form['iceform:j_idcl'].value='iceform:toDate_c_1630';form['iceform:j_idiceform:toDatesp'].value='false';form['iceform:toDate_cc'].value='Oct 31, 2017';iceSubmitPartial(form,this,event);form['iceform:j_idcl'].value='';form['iceform:j_idiceform:toDatesp'].value='';form['iceform:toDate_cc'].value='';return false;" onfocus="setFocus(this.id);"><span class="iceOutTxt" id="iceform:toDate_text_1630" title="Tuesday">31</span></a></td><td class="iceSelInpDateDay" title="Wednesday">&#160;</td><td class="iceSelInpDateDay" title="Thursday">&#160;</td><td class="iceSelInpDateDay" title="Friday">&#160;</td><td class="iceSelInpDateDay" title="Saturday">&#160;</td></tr></table></div><!--[if lte IE 6.5]><iframe src='/xmlhttp/blank' class="iceSelInpDateIFrameFix"></iframe><![endif]--></div></div>]]></update><update id="javax.faces.ViewState"><![CDATA[-8151802887003273974:6905445407665877790]]></update><eval><![CDATA[ice.applyFocus('iceform:toDate_cb');]]></eval><eval><![CDATA[ToolTipPanelPopupUtil.adjustPosition('loginForm:userList');ToolTipPanelPopupUtil.adjustPosition('iceform:promotionTip');Ice.util.adjustMyPosition('iceform:toDate_ct', 'iceform:toDate_rd');//1336497348]]></eval></changes></partial-response>