<?xml version='1.0' encoding='UTF-8'?>
<partial-response><changes><update id="iceform"><![CDATA[<form action="/orange-newaccount.jsf" class="iceFrm" enctype="application/x-www-form-urlencoded" id="iceform" method="post" onsubmit="return false;"><input name="iceform" type="hidden" value="iceform" /><input id="javax.faces.ViewState" type="hidden" autocomplete="off" value="-7413989542521672709:208759543798078829" name="javax.faces.ViewState"/><input name="ice.window" type="hidden" value="r4j8acrrwc" /><input name="ice.view" type="hidden" value="vynh7ci3pux" /><script id="iceform:iceform_captureSubmit" type="text/javascript">ice.captureSubmit('iceform',false);ice.captureEnterKey('iceform');</script><div class="mainBox" xmlns="http://www.w3.org/1999/xhtml">
        
        <h1 class="mainBoxHeader">Create New Account</h1><div class="icePnlGrp newAccInputError" id="iceform:j_idt72"><ul id="iceform:j_idt73"><li><span class="iceMsgsInfo">The provided password is too short. Minimum length is 6 characters.</span></li><li><span class="iceMsgsInfo">The confirmed password doesn&#39;t match.</span></li></ul></div><table cellspacing="3" class="icePnlGrd newAccForm" id="iceform:j_idt74"><tbody><tr class="icePnlGrdRow1 newAccFormRow1"><td class="icePnlGrdCol newAccFormCol leftLabel" id="iceform:j_idt74-0-0"><label class="iceOutLbl required" for="iceform:firstName" id="iceform:j_idt75">First Name</label></td><td class="icePnlGrdCol newAccFormCol leftText" id="iceform:j_idt74-0-1"><input class="iceInpTxt newAccInput" id="iceform:firstName" name="iceform:firstName" onblur="setFocus('');" onfocus="setFocus(this.id);" onkeypress="iceSubmit(form,this,event);" onmousedown="this.focus();" type="text" value="NeoLoad" /></td><td class="icePnlGrdCol newAccFormCol rightLabel" id="iceform:j_idt74-0-2"><label class="iceOutLbl required" for="iceform:lastName" id="iceform:j_idt76">Last Name</label></td><td class="icePnlGrdCol newAccFormCol rightText" id="iceform:j_idt74-0-3"><input class="iceInpTxt newAccInput" id="iceform:lastName" name="iceform:lastName" onblur="setFocus('');" onfocus="setFocus(this.id);" onkeypress="iceSubmit(form,this,event);" onmousedown="this.focus();" type="text" value="neotys" /></td></tr><tr class="icePnlGrdRow2 newAccFormRow2"><td class="icePnlGrdCol newAccFormCol leftLabel" id="iceform:j_idt74-1-0"><label class="iceOutLbl required" for="iceform:email" id="iceform:j_idt77">Email</label></td><td class="icePnlGrdCol newAccFormCol leftText" id="iceform:j_idt74-1-1"><input class="iceInpTxt newAccInput" id="iceform:email" name="iceform:email" onblur="setFocus('');" onfocus="setFocus(this.id);" onkeypress="iceSubmit(form,this,event);" onmousedown="this.focus();" type="text" value="neoload@neotys.com" /></td><td class="icePnlGrdCol newAccFormCol rightLabel" id="iceform:j_idt74-1-2"><label class="iceOutLbl required" for="iceform:emailConfirm" id="iceform:j_idt78">Email<br />(again)</label></td><td class="icePnlGrdCol newAccFormCol rightText" id="iceform:j_idt74-1-3"><input class="iceInpTxt newAccInput" id="iceform:emailConfirm" name="iceform:emailConfirm" onblur="setFocus('');" onfocus="setFocus(this.id);" onkeypress="iceSubmit(form,this,event);" onmousedown="this.focus();" type="text" value="neoload@neotys.com" /></td></tr><tr class="icePnlGrdRow1 newAccFormRow1"><td class="icePnlGrdCol newAccFormCol leftLabel" id="iceform:j_idt74-2-0"><label class="iceOutLbl required" for="iceform:password" id="iceform:j_idt80">Password</label></td><td class="icePnlGrdCol newAccFormCol leftText" id="iceform:j_idt74-2-1"><input class="iceInpSecrt newAccInput" id="iceform:password" name="iceform:password" onblur="setFocus('');" onfocus="setFocus(this.id);" onkeypress="iceSubmit(form,this,event);" onmousedown="this.focus();" type="password" value="tests" /></td><td class="icePnlGrdCol newAccFormCol rightLabel" id="iceform:j_idt74-2-2"><label class="iceOutLbl required" for="iceform:passwordConfirm" id="iceform:j_idt81">Password<br />(again)</label></td><td class="icePnlGrdCol newAccFormCol rightText" id="iceform:j_idt74-2-3"><input class="iceInpSecrt newAccInput" id="iceform:passwordConfirm" name="iceform:passwordConfirm" onblur="setFocus('');" onfocus="setFocus(this.id);" onkeypress="iceSubmit(form,this,event);" onmousedown="this.focus();" type="password" value="test" /></td></tr><tr class="icePnlGrdRow2 newAccFormRow2"><td class="icePnlGrdCol newAccFormCol leftLabel" id="iceform:j_idt74-3-0"><label class="iceOutLbl" for="iceform:state" id="iceform:j_idt83">State</label></td><td class="icePnlGrdCol newAccFormCol leftText" id="iceform:j_idt74-3-1"><input class="iceInpTxt newAccInput" id="iceform:state" name="iceform:state" onblur="setFocus('');" onfocus="setFocus(this.id);" onkeypress="iceSubmit(form,this,event);" onmousedown="this.focus();" type="text" value="" /></td><td class="icePnlGrdCol newAccFormCol rightLabel" id="iceform:j_idt74-3-2"><label class="iceOutLbl" for="iceform:city" id="iceform:j_idt84">City</label></td><td class="icePnlGrdCol newAccFormCol rightText" id="iceform:j_idt74-3-3"><input class="iceInpTxt newAccInput" id="iceform:city" name="iceform:city" onblur="setFocus('');" onfocus="setFocus(this.id);" onkeypress="iceSubmit(form,this,event);" onmousedown="this.focus();" type="text" value="" /></td></tr><tr class="icePnlGrdRow1 newAccFormRow1"><td class="icePnlGrdCol newAccFormCol leftLabel" id="iceform:j_idt74-4-0"><label class="iceOutLbl" for="iceform:street" id="iceform:j_idt85">Street</label></td><td class="icePnlGrdCol newAccFormCol leftText" id="iceform:j_idt74-4-1"><input class="iceInpTxt newAccInput" id="iceform:street" name="iceform:street" onblur="setFocus('');" onfocus="setFocus(this.id);" onkeypress="iceSubmit(form,this,event);" onmousedown="this.focus();" type="text" value="" /></td><td class="icePnlGrdCol newAccFormCol rightLabel" id="iceform:j_idt74-4-2"><label class="iceOutLbl" for="iceform:door" id="iceform:j_idt86">Door</label></td><td class="icePnlGrdCol newAccFormCol rightText" id="iceform:j_idt74-4-3"><input class="iceInpTxt newAccInput" id="iceform:door" name="iceform:door" onblur="setFocus('');" onfocus="setFocus(this.id);" onkeypress="iceSubmit(form,this,event);" onmousedown="this.focus();" type="text" value="" /></td></tr><tr class="icePnlGrdRow2 newAccFormRow2"><td class="icePnlGrdCol newAccFormCol leftLabel" id="iceform:j_idt74-5-0"><label class="iceOutLbl" for="iceform:phone" id="iceform:j_idt87">Phone</label></td><td class="icePnlGrdCol newAccFormCol leftText" id="iceform:j_idt74-5-1"><input class="iceInpTxt newAccInput" id="iceform:phone" name="iceform:phone" onblur="setFocus('');" onfocus="setFocus(this.id);" onkeypress="iceSubmit(form,this,event);" onmousedown="this.focus();" type="text" value="" /></td></tr></tbody></table>
		
		<div class="required"><span class="iceOutTxt" id="iceform:j_idt89">Requried</span>
		</div>
		<div class="privacyPolicy"><input class="iceCmdBtn" id="iceform:j_idt91" name="iceform:j_idt91" onblur="setFocus('');" onclick="iceSubmit(form,this,event);return false;" onfocus="setFocus(this.id);" src="img/privacypolicy_lock.png" type="image" /><a class="iceCmdLnk" href="javascript:;" id="iceform:fillMock" onblur="setFocus('');" onclick="var form=formOf(this);form['iceform:j_idcl'].value='iceform:fillMock';iceSubmit(form,this,event);form['iceform:j_idcl'].value='';return false;" onfocus="setFocus(this.id);">Privacy Policy</a>
		</div><a class="commonButton grayButton1 mainBoxButton backButton" href="/orange.jsf" id="iceform:newAccountCancel" name="iceform:newAccountCancel">Cancel</a><input class="iceCmdBtn commonButton orangeButton2 mainBoxButton nextButton" id="iceform:newAccountCreate" name="iceform:newAccountCreate" onblur="setFocus('');" onclick="iceSubmit(form,this,event);return false;" onfocus="setFocus(this.id);" type="submit" value="Create Account" />
</div><div class="icePnlGrp orangeBanner" id="iceform:j_idt94"><img class="iceGphImg" src="http://et-demo2-thirdpartycontentserver.cfapps.io/image/road1.png" alt="promotion"></img></div><div class="icePnlGrp clearer" id="iceform:j_idt96"></div><span id="iceformhdnFldsDiv"><input name="icefacesCssUpdates" type="hidden" value="" /><input name="iceform:j_idcl" type="hidden" /></span></form>]]></update><update id="dynamic-code-compat"><![CDATA[<span id="dynamic-code-compat"></span>]]></update><update id="javax.faces.ViewState"><![CDATA[-7413989542521672709:208759543798078829]]></update><eval><![CDATA[ice.applyFocus('iceform:newAccountCreate');]]></eval><eval><![CDATA[ToolTipPanelPopupUtil.adjustPosition('loginForm:userList');//-190678058]]></eval></changes></partial-response>