<?xml version='1.0' encoding='UTF-8'?>
<partial-response><changes><update id="iceform:toDate_rd"><![CDATA[<div class="iceSelInpDatePopup" id="iceform:toDate_rd" lang="en" title="When do you need to be home..."><input class="iceSelInpDateInput" id="iceform:toDate" name="iceform:toDate" onblur="setFocus('');iceSubmitPartial(form, this, event);" onfocus="setFocus('');" onkeypress="iceSubmit(form,this,event);" type="text" value="Nov 30, 2017" /><input alt="Open popup calendar" class="iceSelInpDateOpenPopup" id="iceform:toDate_cb" name="iceform:toDate_cb" onclick="document.forms['iceform']['iceform:j_idcl'].value='iceform:toDate_cb';document.forms['iceform']['iceform:j_idiceform:toDatesp'].value='toggle';iceSubmitPartial( document.forms['iceform'], this,event);document.forms['iceform']['iceform:j_idcl'].value='';document.forms['iceform']['iceform:j_idiceform:toDatesp'].value='';Ice.Calendar.addCloseListener('iceform:toDate','iceform','iceform:j_idcl','iceform:j_idiceform:toDatesp');return false;" onfocus="setFocus('');" src="/xmlhttp/css/xp/css-images/spacer.gif" title="Open popup calendar" type="image" /></div>]]></update><update id="iceform:_t146"><![CDATA[<a href="/result.jsf?dest=Bangalore&amp;from=2017-11-19&amp;to=2017-11-30" id="iceform:_t146" name="iceform:_t146"> [Permlink]</a>]]></update><update id="javax.faces.ViewState"><![CDATA[-8151802887003273974:6905445407665877790]]></update><eval><![CDATA[ice.applyFocus('iceform:toDate_cb');]]></eval><eval><![CDATA[ToolTipPanelPopupUtil.adjustPosition('loginForm:userList');ToolTipPanelPopupUtil.adjustPosition('iceform:promotionTip');//2009822799]]></eval></changes></partial-response>