<?xml version='1.0' encoding='UTF-8'?>
<partial-response><changes><update id="iceform:j_idt125"><![CDATA[<div class="icePnlGrp orangeBanner" id="iceform:j_idt125"><img class="iceGphImg" src="http://et-demo2-thirdpartycontentserver.cfapps.io/image/road1.png" alt="promotion"></img></div>]]></update><update id="iceform:fromDate_rd"><![CDATA[<div class="iceSelInpDatePopup" id="iceform:fromDate_rd" lang="en" title="When do you want to start..."><input class="iceSelInpDateInput" id="iceform:fromDate" name="iceform:fromDate" onblur="setFocus('');iceSubmitPartial(form, this, event);" onfocus="setFocus('');" onkeypress="iceSubmit(form,this,event);" type="text" value="Nov 19, 2017" /><input alt="Open popup calendar" class="iceSelInpDateOpenPopup" id="iceform:fromDate_cb" name="iceform:fromDate_cb" onclick="document.forms['iceform']['iceform:j_idcl'].value='iceform:fromDate_cb';document.forms['iceform']['iceform:j_idiceform:fromDatesp'].value='toggle';iceSubmitPartial( document.forms['iceform'], this,event);document.forms['iceform']['iceform:j_idcl'].value='';document.forms['iceform']['iceform:j_idiceform:fromDatesp'].value='';Ice.Calendar.addCloseListener('iceform:fromDate','iceform','iceform:j_idcl','iceform:j_idiceform:fromDatesp');return false;" onfocus="setFocus('');" src="/xmlhttp/css/xp/css-images/spacer.gif" title="Open popup calendar" type="image" /></div>]]></update><update id="iceform:_t146"><![CDATA[<a href="/result.jsf?dest=Bangalore&amp;from=2017-11-19&amp;to=" id="iceform:_t146" name="iceform:_t146"> [Permlink]</a>]]></update><update id="javax.faces.ViewState"><![CDATA[-8151802887003273974:6905445407665877790]]></update><eval><![CDATA[ice.applyFocus('iceform:fromDate_cb');]]></eval><eval><![CDATA[ToolTipPanelPopupUtil.adjustPosition('loginForm:userList');ToolTipPanelPopupUtil.adjustPosition('iceform:promotionTip');//912182006]]></eval></changes></partial-response>