<?xml version='1.0' encoding='UTF-8'?>
<partial-response><changes><update id="iceform:j_idt125"><![CDATA[<div class="icePnlGrp orangeBanner" id="iceform:j_idt125"><img class="iceGphImg" src="http://et-demo2-thirdpartycontentserver.cfapps.io/image/road1.png" alt="promotion"></img></div>]]></update><update id="iceform:toDate_ct"><![CDATA[<table cellpadding="0" cellspacing="0" class="iceSelInpDate" id="iceform:toDate_ct" name="iceform:toDate_ct" onmousemove="" onmouseout="" onmouseover="" style="position:absolute;" summary="This is a popup calendar. You can change the year and month at the top, and below, each column is a day of the week, and each cell is a day of the month"><tr><td colspan="7"><table cellpadding="0" cellspacing="0" summary="Year and month selection" width="100%"><tr><td class="iceSelInpDateMonthYear" id="iceform:toDate_pmtd"><a class="iceCmdLnk" href="javascript:;" id="iceform:toDate_pm" onblur="setFocus('');" onclick="var form=formOf(this);form['iceform:j_idcl'].value='iceform:toDate_pm';form['iceform:toDate_cc'].value='Oct 2, 2017';iceSubmitPartial(form,this,event);form['iceform:j_idcl'].value='';form['iceform:toDate_cc'].value='';return false;" onfocus="setFocus(this.id);"><img alt="Show previous month: October" class="iceGphImg iceSelInpDateMovePrev" height="16" id="iceform:toDate_img_60" src="/xmlhttp/css/xp/css-images/spacer.gif" style="border:none;" title="Show previous month: October" width="17" /></a></td><td class="iceSelInpDateMonthYear" width="40%">November</td><td class="iceSelInpDateMonthYear" id="iceform:toDate_nmtd"><a class="iceCmdLnk" href="javascript:;" id="iceform:toDate_nm" onblur="setFocus('');" onclick="var form=formOf(this);form['iceform:j_idcl'].value='iceform:toDate_nm';form['iceform:toDate_cc'].value='Dec 2, 2017';iceSubmitPartial(form,this,event);form['iceform:j_idcl'].value='';form['iceform:toDate_cc'].value='';return false;" onfocus="setFocus(this.id);"><img alt="Show next month: December" class="iceGphImg iceSelInpDateMoveNext" height="16" id="iceform:toDate_img_62" src="/xmlhttp/css/xp/css-images/spacer.gif" style="border:none;" title="Show next month: December" width="17" /></a></td><td class="iceSelInpDateMonthYear"></td><td class="iceSelInpDateMonthYear" id="iceform:toDate_pytd"><a class="iceCmdLnk" href="javascript:;" id="iceform:toDate_py" onblur="setFocus('');" onclick="var form=formOf(this);form['iceform:j_idcl'].value='iceform:toDate_py';form['iceform:toDate_cc'].value='Nov 2, 2016';iceSubmitPartial(form,this,event);form['iceform:j_idcl'].value='';form['iceform:toDate_cc'].value='';return false;" onfocus="setFocus(this.id);"><img alt="Show previous year: 2016" class="iceGphImg iceSelInpDateMovePrev" height="16" id="iceform:toDate_img_1920" src="/xmlhttp/css/xp/css-images/spacer.gif" style="border:none;" title="Show previous year: 2016" width="17" /></a></td><td class="iceSelInpDateMonthYear">2017</td><td class="iceSelInpDateMonthYear" id="iceform:toDate_nytd"><a class="iceCmdLnk" href="javascript:;" id="iceform:toDate_ny" onblur="setFocus('');" onclick="var form=formOf(this);form['iceform:j_idcl'].value='iceform:toDate_ny';form['iceform:toDate_cc'].value='Nov 2, 2018';iceSubmitPartial(form,this,event);form['iceform:j_idcl'].value='';form['iceform:toDate_cc'].value='';return false;" onfocus="setFocus(this.id);"><img alt="Show next year: 2018" class="iceGphImg iceSelInpDateMoveNext" height="16" id="iceform:toDate_img_1984" src="/xmlhttp/css/xp/css-images/spacer.gif" style="border:none;" title="Show next year: 2018" width="17" /></a></td></tr></table></td></tr><tr><td class="iceSelInpDateWeek" title="Sunday">Sun</td><td class="iceSelInpDateWeek" title="Monday">Mon</td><td class="iceSelInpDateWeek" title="Tuesday">Tue</td><td class="iceSelInpDateWeek" title="Wednesday">Wed</td><td class="iceSelInpDateWeek" title="Thursday">Thu</td><td class="iceSelInpDateWeek" title="Friday">Fri</td><td class="iceSelInpDateWeek" title="Saturday">Sat</td></tr><tr><td class="iceSelInpDateDay" title="Sunday">&#160;</td><td class="iceSelInpDateDay" title="Monday">&#160;</td><td class="iceSelInpDateDay" title="Tuesday">&#160;</td><td class="iceSelInpDateDay " id="iceform:toDate_c_49td"><a class="iceCmdLnk" href="javascript:;" id="iceform:toDate_c_49" onblur="setFocus('');" onclick="var form=formOf(this);form['iceform:j_idcl'].value='iceform:toDate_c_49';form['iceform:j_idiceform:toDatesp'].value='false';form['iceform:toDate_cc'].value='Nov 1, 2017';iceSubmitPartial(form,this,event);form['iceform:j_idcl'].value='';form['iceform:j_idiceform:toDatesp'].value='';form['iceform:toDate_cc'].value='';return false;" onfocus="setFocus(this.id);"><span class="iceOutTxt" id="iceform:toDate_text_49" title="Wednesday">1</span></a></td><td class="iceSelInpDateDay " id="iceform:toDate_c_50td"><a class="iceCmdLnk" href="javascript:;" id="iceform:toDate_c_50" onblur="setFocus('');" onclick="var form=formOf(this);form['iceform:j_idcl'].value='iceform:toDate_c_50';form['iceform:j_idiceform:toDatesp'].value='false';form['iceform:toDate_cc'].value='Nov 2, 2017';iceSubmitPartial(form,this,event);form['iceform:j_idcl'].value='';form['iceform:j_idiceform:toDatesp'].value='';form['iceform:toDate_cc'].value='';return false;" onfocus="setFocus(this.id);"><span class="iceOutTxt" id="iceform:toDate_text_50" title="Thursday">2</span></a></td><td class="iceSelInpDateDay " id="iceform:toDate_c_51td"><a class="iceCmdLnk" href="javascript:;" id="iceform:toDate_c_51" onblur="setFocus('');" onclick="var form=formOf(this);form['iceform:j_idcl'].value='iceform:toDate_c_51';form['iceform:j_idiceform:toDatesp'].value='false';form['iceform:toDate_cc'].value='Nov 3, 2017';iceSubmitPartial(form,this,event);form['iceform:j_idcl'].value='';form['iceform:j_idiceform:toDatesp'].value='';form['iceform:toDate_cc'].value='';return false;" onfocus="setFocus(this.id);"><span class="iceOutTxt" id="iceform:toDate_text_51" title="Friday">3</span></a></td><td class="iceSelInpDateDay " id="iceform:toDate_c_52td"><a class="iceCmdLnk" href="javascript:;" id="iceform:toDate_c_52" onblur="setFocus('');" onclick="var form=formOf(this);form['iceform:j_idcl'].value='iceform:toDate_c_52';form['iceform:j_idiceform:toDatesp'].value='false';form['iceform:toDate_cc'].value='Nov 4, 2017';iceSubmitPartial(form,this,event);form['iceform:j_idcl'].value='';form['iceform:j_idiceform:toDatesp'].value='';form['iceform:toDate_cc'].value='';return false;" onfocus="setFocus(this.id);"><span class="iceOutTxt" id="iceform:toDate_text_52" title="Saturday">4</span></a></td></tr><tr><td class="iceSelInpDateDay " id="iceform:toDate_c_53td"><a class="iceCmdLnk" href="javascript:;" id="iceform:toDate_c_53" onblur="setFocus('');" onclick="var form=formOf(this);form['iceform:j_idcl'].value='iceform:toDate_c_53';form['iceform:j_idiceform:toDatesp'].value='false';form['iceform:toDate_cc'].value='Nov 5, 2017';iceSubmitPartial(form,this,event);form['iceform:j_idcl'].value='';form['iceform:j_idiceform:toDatesp'].value='';form['iceform:toDate_cc'].value='';return false;" onfocus="setFocus(this.id);"><span class="iceOutTxt" id="iceform:toDate_text_53" title="Sunday">5</span></a></td><td class="iceSelInpDateDay " id="iceform:toDate_c_54td"><a class="iceCmdLnk" href="javascript:;" id="iceform:toDate_c_54" onblur="setFocus('');" onclick="var form=formOf(this);form['iceform:j_idcl'].value='iceform:toDate_c_54';form['iceform:j_idiceform:toDatesp'].value='false';form['iceform:toDate_cc'].value='Nov 6, 2017';iceSubmitPartial(form,this,event);form['iceform:j_idcl'].value='';form['iceform:j_idiceform:toDatesp'].value='';form['iceform:toDate_cc'].value='';return false;" onfocus="setFocus(this.id);"><span class="iceOutTxt" id="iceform:toDate_text_54" title="Monday">6</span></a></td><td class="iceSelInpDateDay " id="iceform:toDate_c_55td"><a class="iceCmdLnk" href="javascript:;" id="iceform:toDate_c_55" onblur="setFocus('');" onclick="var form=formOf(this);form['iceform:j_idcl'].value='iceform:toDate_c_55';form['iceform:j_idiceform:toDatesp'].value='false';form['iceform:toDate_cc'].value='Nov 7, 2017';iceSubmitPartial(form,this,event);form['iceform:j_idcl'].value='';form['iceform:j_idiceform:toDatesp'].value='';form['iceform:toDate_cc'].value='';return false;" onfocus="setFocus(this.id);"><span class="iceOutTxt" id="iceform:toDate_text_55" title="Tuesday">7</span></a></td><td class="iceSelInpDateDay " id="iceform:toDate_c_56td"><a class="iceCmdLnk" href="javascript:;" id="iceform:toDate_c_56" onblur="setFocus('');" onclick="var form=formOf(this);form['iceform:j_idcl'].value='iceform:toDate_c_56';form['iceform:j_idiceform:toDatesp'].value='false';form['iceform:toDate_cc'].value='Nov 8, 2017';iceSubmitPartial(form,this,event);form['iceform:j_idcl'].value='';form['iceform:j_idiceform:toDatesp'].value='';form['iceform:toDate_cc'].value='';return false;" onfocus="setFocus(this.id);"><span class="iceOutTxt" id="iceform:toDate_text_56" title="Wednesday">8</span></a></td><td class="iceSelInpDateDay " id="iceform:toDate_c_57td"><a class="iceCmdLnk" href="javascript:;" id="iceform:toDate_c_57" onblur="setFocus('');" onclick="var form=formOf(this);form['iceform:j_idcl'].value='iceform:toDate_c_57';form['iceform:j_idiceform:toDatesp'].value='false';form['iceform:toDate_cc'].value='Nov 9, 2017';iceSubmitPartial(form,this,event);form['iceform:j_idcl'].value='';form['iceform:j_idiceform:toDatesp'].value='';form['iceform:toDate_cc'].value='';return false;" onfocus="setFocus(this.id);"><span class="iceOutTxt" id="iceform:toDate_text_57" title="Thursday">9</span></a></td><td class="iceSelInpDateDay " id="iceform:toDate_c_1567td"><a class="iceCmdLnk" href="javascript:;" id="iceform:toDate_c_1567" onblur="setFocus('');" onclick="var form=formOf(this);form['iceform:j_idcl'].value='iceform:toDate_c_1567';form['iceform:j_idiceform:toDatesp'].value='false';form['iceform:toDate_cc'].value='Nov 10, 2017';iceSubmitPartial(form,this,event);form['iceform:j_idcl'].value='';form['iceform:j_idiceform:toDatesp'].value='';form['iceform:toDate_cc'].value='';return false;" onfocus="setFocus(this.id);"><span class="iceOutTxt" id="iceform:toDate_text_1567" title="Friday">10</span></a></td><td class="iceSelInpDateDay " id="iceform:toDate_c_1568td"><a class="iceCmdLnk" href="javascript:;" id="iceform:toDate_c_1568" onblur="setFocus('');" onclick="var form=formOf(this);form['iceform:j_idcl'].value='iceform:toDate_c_1568';form['iceform:j_idiceform:toDatesp'].value='false';form['iceform:toDate_cc'].value='Nov 11, 2017';iceSubmitPartial(form,this,event);form['iceform:j_idcl'].value='';form['iceform:j_idiceform:toDatesp'].value='';form['iceform:toDate_cc'].value='';return false;" onfocus="setFocus(this.id);"><span class="iceOutTxt" id="iceform:toDate_text_1568" title="Saturday">11</span></a></td></tr><tr><td class="iceSelInpDateDay " id="iceform:toDate_c_1569td"><a class="iceCmdLnk" href="javascript:;" id="iceform:toDate_c_1569" onblur="setFocus('');" onclick="var form=formOf(this);form['iceform:j_idcl'].value='iceform:toDate_c_1569';form['iceform:j_idiceform:toDatesp'].value='false';form['iceform:toDate_cc'].value='Nov 12, 2017';iceSubmitPartial(form,this,event);form['iceform:j_idcl'].value='';form['iceform:j_idiceform:toDatesp'].value='';form['iceform:toDate_cc'].value='';return false;" onfocus="setFocus(this.id);"><span class="iceOutTxt" id="iceform:toDate_text_1569" title="Sunday">12</span></a></td><td class="iceSelInpDateDay " id="iceform:toDate_c_1570td"><a class="iceCmdLnk" href="javascript:;" id="iceform:toDate_c_1570" onblur="setFocus('');" onclick="var form=formOf(this);form['iceform:j_idcl'].value='iceform:toDate_c_1570';form['iceform:j_idiceform:toDatesp'].value='false';form['iceform:toDate_cc'].value='Nov 13, 2017';iceSubmitPartial(form,this,event);form['iceform:j_idcl'].value='';form['iceform:j_idiceform:toDatesp'].value='';form['iceform:toDate_cc'].value='';return false;" onfocus="setFocus(this.id);"><span class="iceOutTxt" id="iceform:toDate_text_1570" title="Monday">13</span></a></td><td class="iceSelInpDateDay " id="iceform:toDate_c_1571td"><a class="iceCmdLnk" href="javascript:;" id="iceform:toDate_c_1571" onblur="setFocus('');" onclick="var form=formOf(this);form['iceform:j_idcl'].value='iceform:toDate_c_1571';form['iceform:j_idiceform:toDatesp'].value='false';form['iceform:toDate_cc'].value='Nov 14, 2017';iceSubmitPartial(form,this,event);form['iceform:j_idcl'].value='';form['iceform:j_idiceform:toDatesp'].value='';form['iceform:toDate_cc'].value='';return false;" onfocus="setFocus(this.id);"><span class="iceOutTxt" id="iceform:toDate_text_1571" title="Tuesday">14</span></a></td><td class="iceSelInpDateDay " id="iceform:toDate_c_1572td"><a class="iceCmdLnk" href="javascript:;" id="iceform:toDate_c_1572" onblur="setFocus('');" onclick="var form=formOf(this);form['iceform:j_idcl'].value='iceform:toDate_c_1572';form['iceform:j_idiceform:toDatesp'].value='false';form['iceform:toDate_cc'].value='Nov 15, 2017';iceSubmitPartial(form,this,event);form['iceform:j_idcl'].value='';form['iceform:j_idiceform:toDatesp'].value='';form['iceform:toDate_cc'].value='';return false;" onfocus="setFocus(this.id);"><span class="iceOutTxt" id="iceform:toDate_text_1572" title="Wednesday">15</span></a></td><td class="iceSelInpDateDay " id="iceform:toDate_c_1573td"><a class="iceCmdLnk" href="javascript:;" id="iceform:toDate_c_1573" onblur="setFocus('');" onclick="var form=formOf(this);form['iceform:j_idcl'].value='iceform:toDate_c_1573';form['iceform:j_idiceform:toDatesp'].value='false';form['iceform:toDate_cc'].value='Nov 16, 2017';iceSubmitPartial(form,this,event);form['iceform:j_idcl'].value='';form['iceform:j_idiceform:toDatesp'].value='';form['iceform:toDate_cc'].value='';return false;" onfocus="setFocus(this.id);"><span class="iceOutTxt" id="iceform:toDate_text_1573" title="Thursday">16</span></a></td><td class="iceSelInpDateDay " id="iceform:toDate_c_1574td"><a class="iceCmdLnk" href="javascript:;" id="iceform:toDate_c_1574" onblur="setFocus('');" onclick="var form=formOf(this);form['iceform:j_idcl'].value='iceform:toDate_c_1574';form['iceform:j_idiceform:toDatesp'].value='false';form['iceform:toDate_cc'].value='Nov 17, 2017';iceSubmitPartial(form,this,event);form['iceform:j_idcl'].value='';form['iceform:j_idiceform:toDatesp'].value='';form['iceform:toDate_cc'].value='';return false;" onfocus="setFocus(this.id);"><span class="iceOutTxt" id="iceform:toDate_text_1574" title="Friday">17</span></a></td><td class="iceSelInpDateDay " id="iceform:toDate_c_1575td"><a class="iceCmdLnk" href="javascript:;" id="iceform:toDate_c_1575" onblur="setFocus('');" onclick="var form=formOf(this);form['iceform:j_idcl'].value='iceform:toDate_c_1575';form['iceform:j_idiceform:toDatesp'].value='false';form['iceform:toDate_cc'].value='Nov 18, 2017';iceSubmitPartial(form,this,event);form['iceform:j_idcl'].value='';form['iceform:j_idiceform:toDatesp'].value='';form['iceform:toDate_cc'].value='';return false;" onfocus="setFocus(this.id);"><span class="iceOutTxt" id="iceform:toDate_text_1575" title="Saturday">18</span></a></td></tr><tr><td class="iceSelInpDateDay " id="iceform:toDate_c_1576td"><a class="iceCmdLnk" href="javascript:;" id="iceform:toDate_c_1576" onblur="setFocus('');" onclick="var form=formOf(this);form['iceform:j_idcl'].value='iceform:toDate_c_1576';form['iceform:j_idiceform:toDatesp'].value='false';form['iceform:toDate_cc'].value='Nov 19, 2017';iceSubmitPartial(form,this,event);form['iceform:j_idcl'].value='';form['iceform:j_idiceform:toDatesp'].value='';form['iceform:toDate_cc'].value='';return false;" onfocus="setFocus(this.id);"><span class="iceOutTxt" id="iceform:toDate_text_1576" title="Sunday">19</span></a></td><td class="iceSelInpDateDay " id="iceform:toDate_c_1598td"><a class="iceCmdLnk" href="javascript:;" id="iceform:toDate_c_1598" onblur="setFocus('');" onclick="var form=formOf(this);form['iceform:j_idcl'].value='iceform:toDate_c_1598';form['iceform:j_idiceform:toDatesp'].value='false';form['iceform:toDate_cc'].value='Nov 20, 2017';iceSubmitPartial(form,this,event);form['iceform:j_idcl'].value='';form['iceform:j_idiceform:toDatesp'].value='';form['iceform:toDate_cc'].value='';return false;" onfocus="setFocus(this.id);"><span class="iceOutTxt" id="iceform:toDate_text_1598" title="Monday">20</span></a></td><td class="iceSelInpDateDay " id="iceform:toDate_c_1599td"><a class="iceCmdLnk" href="javascript:;" id="iceform:toDate_c_1599" onblur="setFocus('');" onclick="var form=formOf(this);form['iceform:j_idcl'].value='iceform:toDate_c_1599';form['iceform:j_idiceform:toDatesp'].value='false';form['iceform:toDate_cc'].value='Nov 21, 2017';iceSubmitPartial(form,this,event);form['iceform:j_idcl'].value='';form['iceform:j_idiceform:toDatesp'].value='';form['iceform:toDate_cc'].value='';return false;" onfocus="setFocus(this.id);"><span class="iceOutTxt" id="iceform:toDate_text_1599" title="Tuesday">21</span></a></td><td class="iceSelInpDateDay " id="iceform:toDate_c_1600td"><a class="iceCmdLnk" href="javascript:;" id="iceform:toDate_c_1600" onblur="setFocus('');" onclick="var form=formOf(this);form['iceform:j_idcl'].value='iceform:toDate_c_1600';form['iceform:j_idiceform:toDatesp'].value='false';form['iceform:toDate_cc'].value='Nov 22, 2017';iceSubmitPartial(form,this,event);form['iceform:j_idcl'].value='';form['iceform:j_idiceform:toDatesp'].value='';form['iceform:toDate_cc'].value='';return false;" onfocus="setFocus(this.id);"><span class="iceOutTxt" id="iceform:toDate_text_1600" title="Wednesday">22</span></a></td><td class="iceSelInpDateDay " id="iceform:toDate_c_1601td"><a class="iceCmdLnk" href="javascript:;" id="iceform:toDate_c_1601" onblur="setFocus('');" onclick="var form=formOf(this);form['iceform:j_idcl'].value='iceform:toDate_c_1601';form['iceform:j_idiceform:toDatesp'].value='false';form['iceform:toDate_cc'].value='Nov 23, 2017';iceSubmitPartial(form,this,event);form['iceform:j_idcl'].value='';form['iceform:j_idiceform:toDatesp'].value='';form['iceform:toDate_cc'].value='';return false;" onfocus="setFocus(this.id);"><span class="iceOutTxt" id="iceform:toDate_text_1601" title="Thursday">23</span></a></td><td class="iceSelInpDateDay " id="iceform:toDate_c_1602td"><a class="iceCmdLnk" href="javascript:;" id="iceform:toDate_c_1602" onblur="setFocus('');" onclick="var form=formOf(this);form['iceform:j_idcl'].value='iceform:toDate_c_1602';form['iceform:j_idiceform:toDatesp'].value='false';form['iceform:toDate_cc'].value='Nov 24, 2017';iceSubmitPartial(form,this,event);form['iceform:j_idcl'].value='';form['iceform:j_idiceform:toDatesp'].value='';form['iceform:toDate_cc'].value='';return false;" onfocus="setFocus(this.id);"><span class="iceOutTxt" id="iceform:toDate_text_1602" title="Friday">24</span></a></td><td class="iceSelInpDateDay " id="iceform:toDate_c_1603td"><a class="iceCmdLnk" href="javascript:;" id="iceform:toDate_c_1603" onblur="setFocus('');" onclick="var form=formOf(this);form['iceform:j_idcl'].value='iceform:toDate_c_1603';form['iceform:j_idiceform:toDatesp'].value='false';form['iceform:toDate_cc'].value='Nov 25, 2017';iceSubmitPartial(form,this,event);form['iceform:j_idcl'].value='';form['iceform:j_idiceform:toDatesp'].value='';form['iceform:toDate_cc'].value='';return false;" onfocus="setFocus(this.id);"><span class="iceOutTxt" id="iceform:toDate_text_1603" title="Saturday">25</span></a></td></tr><tr><td class="iceSelInpDateDay " id="iceform:toDate_c_1604td"><a class="iceCmdLnk" href="javascript:;" id="iceform:toDate_c_1604" onblur="setFocus('');" onclick="var form=formOf(this);form['iceform:j_idcl'].value='iceform:toDate_c_1604';form['iceform:j_idiceform:toDatesp'].value='false';form['iceform:toDate_cc'].value='Nov 26, 2017';iceSubmitPartial(form,this,event);form['iceform:j_idcl'].value='';form['iceform:j_idiceform:toDatesp'].value='';form['iceform:toDate_cc'].value='';return false;" onfocus="setFocus(this.id);"><span class="iceOutTxt" id="iceform:toDate_text_1604" title="Sunday">26</span></a></td><td class="iceSelInpDateDay " id="iceform:toDate_c_1605td"><a class="iceCmdLnk" href="javascript:;" id="iceform:toDate_c_1605" onblur="setFocus('');" onclick="var form=formOf(this);form['iceform:j_idcl'].value='iceform:toDate_c_1605';form['iceform:j_idiceform:toDatesp'].value='false';form['iceform:toDate_cc'].value='Nov 27, 2017';iceSubmitPartial(form,this,event);form['iceform:j_idcl'].value='';form['iceform:j_idiceform:toDatesp'].value='';form['iceform:toDate_cc'].value='';return false;" onfocus="setFocus(this.id);"><span class="iceOutTxt" id="iceform:toDate_text_1605" title="Monday">27</span></a></td><td class="iceSelInpDateDay " id="iceform:toDate_c_1606td"><a class="iceCmdLnk" href="javascript:;" id="iceform:toDate_c_1606" onblur="setFocus('');" onclick="var form=formOf(this);form['iceform:j_idcl'].value='iceform:toDate_c_1606';form['iceform:j_idiceform:toDatesp'].value='false';form['iceform:toDate_cc'].value='Nov 28, 2017';iceSubmitPartial(form,this,event);form['iceform:j_idcl'].value='';form['iceform:j_idiceform:toDatesp'].value='';form['iceform:toDate_cc'].value='';return false;" onfocus="setFocus(this.id);"><span class="iceOutTxt" id="iceform:toDate_text_1606" title="Tuesday">28</span></a></td><td class="iceSelInpDateDay " id="iceform:toDate_c_1607td"><a class="iceCmdLnk" href="javascript:;" id="iceform:toDate_c_1607" onblur="setFocus('');" onclick="var form=formOf(this);form['iceform:j_idcl'].value='iceform:toDate_c_1607';form['iceform:j_idiceform:toDatesp'].value='false';form['iceform:toDate_cc'].value='Nov 29, 2017';iceSubmitPartial(form,this,event);form['iceform:j_idcl'].value='';form['iceform:j_idiceform:toDatesp'].value='';form['iceform:toDate_cc'].value='';return false;" onfocus="setFocus(this.id);"><span class="iceOutTxt" id="iceform:toDate_text_1607" title="Wednesday">29</span></a></td><td class="iceSelInpDateDay " id="iceform:toDate_c_1629td"><a class="iceCmdLnk" href="javascript:;" id="iceform:toDate_c_1629" onblur="setFocus('');" onclick="var form=formOf(this);form['iceform:j_idcl'].value='iceform:toDate_c_1629';form['iceform:j_idiceform:toDatesp'].value='false';form['iceform:toDate_cc'].value='Nov 30, 2017';iceSubmitPartial(form,this,event);form['iceform:j_idcl'].value='';form['iceform:j_idiceform:toDatesp'].value='';form['iceform:toDate_cc'].value='';return false;" onfocus="setFocus(this.id);"><span class="iceOutTxt" id="iceform:toDate_text_1629" title="Thursday">30</span></a></td><td class="iceSelInpDateDay" title="Friday">&#160;</td><td class="iceSelInpDateDay" title="Saturday">&#160;</td></tr></table>]]></update><update id="javax.faces.ViewState"><![CDATA[-8151802887003273974:6905445407665877790]]></update><eval><![CDATA[ice.applyFocus('iceform:toDate_nm');]]></eval><eval><![CDATA[ToolTipPanelPopupUtil.adjustPosition('loginForm:userList');ToolTipPanelPopupUtil.adjustPosition('iceform:promotionTip');Ice.util.adjustMyPosition('iceform:toDate_ct', 'iceform:toDate_rd');//-1044113064]]></eval></changes></partial-response>